2,15
1,4
1,3
2,7
2,15
12,4
1,10
6,11
5,4
4,9
1,11
18,16
13,6
7,5
2,8
4,6
7,7
2,11
10,7
1,10
5,7
2,2
4,10
5,5
8,6
8,8
1,4
4,4
15,4
2,15
1,5
11,5
1,15
1,12
4,13
5,15
5,11
6,3
1,2
2,10
7,9
2,5
3,8
2,7
9,13
1,14
2,15
2,9
4,10
4,8
1,9
3,12
5,2
1,1
6,13
8,6
10,7
10,16
5,7
2,14
7,13
2,15
2,8
6,5
5,7
1,16
15,3
9,15
7,6
2,7
6,7
2,5
3,7
1,14
4,12
3,10
1,6
4,5
6,13
1,12
4,15
1,10
1,3
7,7
1,14
2,3
2,12
11,13
15,15
5,7
4,2
3,1
5,14
4,13
7,16
2,10
1,3
9,10
7,16
15,8
2,9
2,9
9,4
9,14
3,2
7,13
6,9
5,9
1,14
6,12
2,4
5,8
9,5
2,16
6,1
4,4
8,16
5,4
1,11
5,13
1,1
3,4
1,6
2,6
6,1
6,16
1,12
6,10
6,9
2,6
4,7
2,7
1,8
3,15
2,12
9,5
1,16
2,5
9,4
6,9
2,7
1,14
1,2
2,2
1,10
7,1
1,7
6,12
9,13
5,2
19,1
3,1
8,11
8,1
9,4
3,5
13,14
3,3
16,7
12,9
5,8
4,8
4,15
3,11
7,11
3,14
5,11
6,4
2,1
1,16
1,12
9,2
6,10
3,4
2,16
7,14
4,3
1,1
5,12
7,9
12,4
3,3
1,16
3,3
6,16
3,3
4,11
3,15
6,15
8,15
3,3
10,12
12,15
6,1
11,5
4,1
4,12
2,13
3,7
4,7
9,5
1,10
6,10
12,4
5,5
1,16
1,7
2,7
7,1
7,15
3,12
2,6
10,4
2,2
5,6
13,12
11,14
8,12
1,1
9,16
6,13
7,7
8,3
11,12
5,11
1,13
9,9
9,7
8,5
16,15
7,13
1,16
13,4
13,11
3,2
6,12
1,9
1,11
14,12
2,1
1,7
2,4
2,15
3,1
10,3
6,10
5,4
1,6
7,6
10,12
5,10
2,1
5,7
5,7
1,12
16,16
2,8
1,12
4,12
4,11
1,3
4,1
1,12
1,11
8,12
5,4
1,13
2,15
7,8
1,13
9,12
9,1
6,14
7,6
8,5
2,8
6,9
6,1
9,4
6,7
4,4
1,10
1,8
9,1
5,11
10,15
12,1
2,9
9,11
5,12
2,5
15,15
6,5
2,7
13,13
14,2
9,11
3,2
1,16
1,9
6,4
4,8
1,4
1,5
8,8
1,15
1,15
6,10
2,14
5,16
8,12
11,1
1,12
9,16
6,4
1,13
2,14
2,15
9,4
1,14
1,2
1,7
3,10
2,12
4,9
3,4
7,5
13,10
2,9
5,1
1,7
2,2
11,15
9,8
4,6
13,16
1,12
5,14
5,3
4,3
1,3
12,13
3,5
11,16
1,11
8,7
7,7
4,14
5,7
2,13
10,14
9,10
8,1
4,10
14,8
1,4
2,4
6,9
13,12
2,13
1,4
2,11
8,1
3,6
4,15
1,9
4,14
4,3
1,8
1,13
7,15
2,10
10,15
7,5
1,6
8,12
4,8
3,9
7,1
1,13
6,10
1,1
10,11
3,14
3,16
6,13
8,10
6,6
1,11
4,13
3,9
3,10
2,1
5,2
13,13
5,8
5,14
1,10
5,2
5,14
2,12
6,1
10,6
2,4
1,5
6,11
1,9
1,4
6,9
5,3
5,4
9,16
1,3
2,10
12,7
1,3
2,2
1,6
2,2
3,2
11,16
9,15
14,4
2,13
3,4
14,13
16,7
1,11
1,14
2,7
7,15
12,8
5,8
1,1
2,5
3,7
1,14
5,13
4,9
3,15
6,6
2,8
1,8
1,8
5,12
2,11
8,10
5,7
2,2
2,7
8,10
6,11
3,6
1,12
1,2
1,16
2,14
1,7
5,11
4,16
1,6
2,16
3,6
2,14
3,16
6,9
2,8
3,6
5,13
2,11
2,8
1,1
2,4
1,14
14,2
9,8
10,13
3,13
6,6
6,16
8,15
2,10
2,15
4,12
2,9
12,14
7,2
3,8
3,7
4,16
6,7
1,3
7,6
1,6
5,12
1,7
4,14
12,10
2,14
6,5
8,1
1,14
1,16
8,9
7,10
4,16
8,12
9,15
2,7
13,15
4,10
2,8
2,9
4,15
5,13
1,8
9,2
5,11
8,16
5,12
8,14
3,14
15,4
1,15
6,12
4,4
3,1
7,5
8,10
4,5
3,9
1,10
9,11
6,1
2,8
8,1
6,15
5,2
12,11
11,14
3,4
1,10
7,8
4,3
4,10
4,6
9,12
1,10
4,1
20,12
4,9
1,8
5,14
7,8
2,14
4,16
4,16
3,7
1,2
7,11
4,7
5,11
5,9
2,16
9,16
12,7
3,8
4,7
4,9
1,7
1,13
15,13
9,8
16,5
7,11
9,6
1,9
1,11
2,7
2,3
5,1
4,11
5,3
7,14
5,7
1,15
1,10
2,7
1,14
7,6
4,10
2,8
4,13
9,14
2,5
2,11
2,16
5,3
5,9
4,6
1,13
10,16
7,13
3,15
9,3
14,3
4,14
3,3
2,11
2,9
5,9
2,6
7,6
2,6
1,6
1,7
7,2
1,12
10,12
1,2
5,12
5,15
3,9
8,5
13,5
3,16
8,6
3,14
3,14
6,13
8,2
3,3
10,14
10,4
1,12
3,6
6,12
3,6
3,16
1,3
2,5
2,10
1,6
9,11
2,14
4,13
1,2
6,9
5,1
4,3
3,3
7,6
6,12
7,13
1,12
4,11
16,8
4,9
3,5
2,7
1,11
1,1
1,6
2,5
4,9
2,5
5,15
2,8
5,9
6,2
3,9
1,12
1,2
3,15
2,1
9,13
1,12
6,8
22,9
1,12
6,6
5,4
4,10
10,7
5,1
9,7
1,13
3,7
2,9
1,13
5,3
3,4
7,6
5,6
3,9
14,15
8,15
1,14
1,7
2,11
2,16
2,15
1,2
7,10
6,12
1,3
1,1
5,5
1,8
3,7
8,1
6,11
8,9
12,11
1,11
1,16
12,13
5,11
13,9
3,3
3,14
1,15
3,6
8,6
2,13
3,9
2,3
1,13
11,9
13,16
6,4
4,3
4,2
13,15
9,2
5,10
8,16
2,9
5,6
4,7
17,2
6,15
3,13
6,3
1,16
2,11
3,11
3,15
3,9
8,8
5,5
2,14
4,4
2,6
2,6
4,3
6,12
8,12
2,12
11,15
4,11
15,8
4,5
2,6
3,8
2,11
8,6
5,10
4,16
1,12
8,14
5,11
2,12
2,7
3,14
7,1
4,1
3,4
3,4
4,10
4,1
6,14
4,4
2,4
2,9
7,11
4,2
1,10
6,11
4,6
8,9
6,3
2,3
5,16
8,2
3,10
1,8
9,16
5,9
2,9
9,5
2,16
2,4
1,4
4,3
9,8
4,3
10,11
4,12
3,16
3,6
4,13
5,2
4,4
1,3
3,11
7,16
3,15
6,10
2,8
1,15
1,12
6,13
15,1
4,5
1,10
4,11
1,8
10,4
2,8
7,6
1,16
3,9
2,13
1,6
5,13
4,13
7,10
8,13
4,16
5,14
4,10
11,10
2,4
1,3
7,16
12,2
2,11
4,6
8,3
1,7
2,13
2,7
12,12
1,10
12,16
2,7
2,1
7,15
7,6
9,12
16,11
3,16
3,8
9,16
1,16
10,3
4,2
4,7
9,1
5,10
8,4
1,5
7,16
1,9
6,5
3,15
1,4
12,12
1,15
2,10
4,15
2,14
4,1
9,9
4,12
1,11
6,6
7,5
10,14
3,5
9,16
1,15
3,5
9,5
4,9
5,4
9,3
2,16
1,12
3,4
2,1
6,9
3,10
9,15
7,6
7,4
6,12
2,9
3,5
3,9
1,10
6,13
7,13
2,1
3,14
1,12
1,2
1,12
2,12
3,10
17,12
4,12
4,3
3,2
4,5
4,3
2,3
10,1
24,16
7,6
4,2
13,10
8,16
8,8
3,15
4,8
1,14
4,15
1,14
10,15
4,14
9,8
2,8
3,9
4,4
5,15
4,13
5,13
3,13
2,12
1,11
2,5
13,2
13,8
2,4
3,15
16,12
2,10
1,7
1,1
13,1
7,12
8,9
5,14
2,5
2,5
1,8
12,5
2,16
13,1
2,8
3,13
3,7
5,16
1,8
7,13
1,10
1,13
17,4
10,15
1,5
1,5
6,13
4,5
13,4
6,5
3,10
3,13
4,1
2,14
2,6
2,9
1,12
2,3
1,1
3,8
2,11
9,14
2,10
2,6
1,15
11,9
1,5
7,6
4,10
4,10
9,6
3,1
2,15
5,6
1,16
4,16
4,12
1,1
3,5
6,9
2,2
6,10
2,6
8,15
1,16
7,9
5,5
1,1
5,7
1,15
1,1
5,10
1,16
4,10
1,1
4,15
2,7
8,16
2,16
1,11
7,2
6,9
4,10
4,6
1,8
3,6
1,7
10,1
7,3
9,14
3,10
9,6
3,2
6,16
1,14
7,1
5,12
1,10
5,8
1,8
2,3
2,12
1,2
2,5
8,16
8,2
1,12
2,9
1,15
5,14
2,15
1,2
6,1
5,1
8,7
12,11
3,13
1,1
1,7
2,12
8,11
2,3
11,3
2,12
1,9
1,10
1,12
5,5
1,7
2,8
1,6
3,14
1,10
4,3
7,11
1,2
1,2
3,15
11,5
2,1
3,5
4,4
3,10
3,12
12,11
8,12
1,1
3,6
6,8
9,10
6,12
8,9
8,8
5,4
3,5
1,3
1,12
3,13
2,12
4,11
7,14
2,11
1,2
2,4
5,9
2,6
11,2
1,11
2,16
1,6
1,2
1,12
2,10
7,7
7,8
1,6
5,14
14,14
3,5
3,14
1,7
14,4
3,13
7,13
1,16
6,10
3,5
6,14
4,4
1,4
6,10
6,16
3,15
3,11
1,12
5,10
7,13
2,9
4,12
1,2
4,14
8,1
1,1
1,16
3,6
5,1
4,7
16,5
2,11
6,7
5,1
2,4
3,15
6,12
3,10
9,14
7,1
2,9
1,16
6,5
12,5
5,13
5,14
2,3
3,11
4,16
6,9
2,15
4,14
5,1
4,2
7,5
1,4
2,15
20,16
6,9
3,10
1,14
2,11
8,9
3,2
7,14
1,3
8,15
3,14
1,1
2,8
3,4
7,14
2,4
4,2
6,6
11,11
4,3
4,13
2,4
11,2
4,3
1,6
2,13
5,13
1,16
9,6
1,5
5,13
9,14
1,4
4,6
1,10
3,2
6,5
4,5
2,4
8,2
1,15
2,16
10,10
10,3
7,4
3,11
5,9
5,11
4,8
3,11
16,11
7,4
9,8
6,7
13,4
9,6
3,1
6,16
16,9
3,1
11,1
4,7
8,11
1,8
4,12
5,3
12,5
2,3
6,7
6,5
9,7
7,6
9,6
1,1
8,7
12,13
3,10
2,6
11,16
10,11
1,12
1,8
5,8
1,9
3,13
6,4
2,15
6,8
2,3
2,5
3,2
4,9
5,1
2,15
3,2
8,2
4,2
1,15
6,2
1,13
3,3
2,2
10,14
4,4
2,8
1,16
1,8
6,6
4,2
10,2
3,9
7,2
7,10
7,2
2,15
12,6
5,15
3,15
7,14
8,7
7,4
1,9
5,2
5,15
10,2
8,11
9,8
2,8
1,6
1,15
1,5
5,13
4,13
10,9
1,3
10,2
2,15
2,6
10,2
5,7
4,1
3,7
3,14
2,6
4,14
6,9
5,6
17,6
10,2
4,10
9,12
6,4
14,15
5,2
3,1
1,4
3,5
9,4
8,14
10,7
6,1
3,13
6,14
3,3
1,14
4,7
1,5
3,10
2,1
3,11
1,5
1,6
4,12
1,15
4,16
7,9
4,9
2,4
4,14
3,9
6,1
4,9
2,11
1,3
1,9
1,8
1,9
1,9
5,13
5,10
5,7
10,13
7,8
5,5
1,12
5,15
6,15
1,6
6,3
2,16
1,11
19,8
8,7
11,4
2,7
6,4
2,10
1,11
1,3
3,4
11,1
9,10
15,15
1,4
5,9
3,14
3,1
8,4
6,9
1,1
3,13
1,6
2,16
7,16
3,9
12,4
5,13
3,13
6,11
1,12
1,10
15,13
5,3
8,14
11,13
8,2
12,5
9,15
3,3
2,5
2,13
2,2
3,13
6,3
3,14
2,10
3,13
2,3
3,9
9,16
2,7
1,11
1,14
3,15
4,8
6,12
3,9
2,3
1,15
11,8
1,2
3,5
1,3
3,7
3,4
4,9
8,11
8,16
1,4
11,8
2,8
1,11
6,6
2,16
3,3
1,14
1,16
1,15
3,10
1,5
3,5
3,4
5,8
9,5
6,11
9,9
3,1
3,16
1,2
4,9
3,6
6,1
3,12
4,15
3,1
3,13
1,2
5,5
4,10
7,11
2,11
2,3
1,4
3,2
2,10
12,8
2,14
2,4
7,1
4,11
15,14
8,6
3,5
2,12
4,11
9,8
1,7
3,2
5,2
14,9
2,7
5,2
3,3
2,6
1,9
5,16
2,12
6,10
11,5
5,15
9,13
1,4
3,14
4,1
6,2
6,2
13,3
8,3
5,2
2,16
1,9
6,12
3,12
11,1
6,11
5,8
4,7
2,16
10,12
8,9
1,5
1,5
1,14
7,7
5,9
14,12
2,2
1,5
10,11
2,7
3,13
1,2
4,2
2,12
2,6
2,14
1,10
9,8
3,5
3,8
1,12
13,10
6,1
3,5
10,16
3,10
1,6
2,16
3,9
4,16
4,1
3,4
6,10
3,11
2,11
1,10
3,3
8,6
3,2
2,10
3,13
5,14
4,14
1,11
5,14
1,5
3,15
1,9
5,5
3,4
3,16
3,5
2,15
1,10
4,14
6,11
1,12
3,10
5,15
5,1
2,14
7,13
1,10
1,15
1,8
8,12
2,15
4,1
1,1
3,5
2,7
4,6
1,8
10,16
16,11
1,5
7,5
4,8
10,9
11,5
4,4
10,12
4,3
6,1
3,1
1,2
9,12
4,5
3,1
2,9
15,6
12,13
2,6
4,3
3,6
6,9
1,2
1,5
6,9
5,9
1,15
8,16
5,2
4,11
1,15
9,13
1,13
2,9
1,7
2,10
5,1
3,11
12,6
1,11
9,16
1,3
9,5
6,16
11,12
1,14
1,16
15,13
2,5
2,14
7,7
2,11
1,1
3,1
4,5
4,6
2,8
1,12
7,10
3,9
14,4
15,9
6,8
3,12
8,9
4,14
10,11
1,4
5,12
2,8
5,1
2,2
5,8
3,10
7,13
6,5
4,13
3,11
4,8
18,1
5,11
5,14
5,11
1,14
3,8
11,8
4,11
3,4
1,2
11,3
2,16
2,7
6,3
9,12
2,3
13,8
6,4
2,5
5,3
3,11
3,4
15,3
16,3
2,10
2,14
4,9
3,13
2,13
15,6
5,9
3,14
8,14
3,8
5,4
6,15
1,3
3,5
2,6
4,8
2,13
1,9
5,6
4,7
1,5
3,2
1,16
2,3
6,7
1,11
9,10
5,11
4,8
5,6
3,16
4,7
8,14
3,11
4,7
2,12
7,9
1,3
4,1
1,3
4,5
3,2
11,7
3,13
6,10
7,2
3,15
1,9
3,8
7,5
3,15
4,7
2,10
3,13
3,12
5,13
1,11
4,1
1,11
2,15
2,3
3,16
5,3
2,15
4,12
2,9
6,3
5,11
11,7
1,9
1,12
1,14
1,2
4,16
6,3
4,10
3,2
6,6
15,3
4,16
3,9
7,9
3,4
3,6
9,11
1,13
4,3
2,9
4,7
2,12
9,12
2,3
10,9
12,1
5,15
4,4
9,5
3,3
4,14
8,10
1,13
1,3
5,12
1,7
8,8
7,12
8,12
1,3
3,13
1,12
2,3
1,16
3,5
3,11
8,16
4,13
11,14
6,9
1,1
6,11
4,10
3,4
7,12
1,13
3,16
2,5
12,16
10,8
2,4
2,7
5,1
9,13
7,7
4,10
5,13
12,9
5,9
5,14
4,9
1,1
3,2
2,13
2,12
6,2
2,15
9,5
1,10
1,9
4,5
11,15
2,3
1,13
2,9
4,16
7,16
12,15
12,14
5,9
7,7
5,3
4,7
1,5
2,14
4,10
1,15
6,7
1,7
5,13
10,12
8,4
2,16
14,5
6,8
1,6
2,3
1,15
4,15
13,5
7,6
2,5
9,15
8,1
2,14
11,11
7,15
2,16
5,15
1,3
9,16
6,14
1,14
3,15
7,10
7,10
6,6
3,15
1,7
1,3
2,1
1,1
8,7
9,6
11,2
14,11
6,14
8,12
1,7
10,12
7,12
7,5
2,2
3,1
2,15
6,15
5,2
3,3
10,14
1,15
19,1
5,8
11,5
1,2
9,1
1,12
14,14
2,14
1,14
10,1
3,1
1,14
14,6
3,15
3,6
3,16
7,3
4,5
8,7
3,7
7,7
5,13
2,16
8,14
3,6
10,6
2,5
2,15
1,4
5,3
13,8
14,4
7,7
1,13
13,9
3,15
4,10
1,12
5,4
1,2
6,7
9,11
2,2
1,9
2,11
6,2
11,9
8,9
1,6
7,14
1,13
2,5
4,10
6,2
8,14
7,11
10,3
11,7
3,5
2,1
2,16
2,14
1,1
2,13
3,11
1,5
9,5
1,12
1,11
4,15
7,4
1,6
1,3
3,6
5,10
1,4
5,4
2,6
5,9
4,5
1,13
3,12
12,13
1,8
1,3
6,15
1,11
1,13
4,9
4,6
9,7
10,9
3,8
10,11
1,7
18,16
3,12
2,13
5,13
1,14
2,3
1,1
7,14
1,7
9,10
12,4
7,11
4,6
1,2
16,11
2,1
2,13
3,11
9,11
1,8
7,11
9,11
5,10
3,14
6,11
4,1
5,11
1,14
3,2
2,11
2,4
9,2
18,16
8,7
6,16
2,12
15,13
1,11
4,1
2,13
3,15
10,9
3,16
7,11
3,3
2,15
2,13
3,7
2,11
4,16
3,3
5,16
9,7
7,15
3,8
8,14
1,10
4,13
11,1
2,7
2,10
6,7
1,15
8,16
1,12
2,14
1,2
2,8
14,1
6,15
3,4
4,3
5,7
10,15
16,4
7,10
7,11
10,4
8,9
9,11
20,16
14,6
12,5
3,8
9,6
8,7
5,11
12,7
8,10
8,7
5,2
13,10
7,5
16,6
13,8
2,4
10,4
19,4
4,15
4,5
15,5
2,15
6,12
7,13
7,15
8,11
10,3
7,2
15,10
8,9
4,5
10,8
15,7
21,13
3,14
6,15
5,9
8,10
6,8
2,9
7,12
8,2
8,1
8,13
11,6
11,7
11,16
8,7
6,14
13,13
4,15
4,8
11,5
13,7
4,16
19,3
11,15
9,6
8,7
11,7
4,5
20,7
2,14
14,12
7,10
3,6
10,5
9,13
10,12
13,15
2,10
6,3
16,7
6,14
7,3
8,12
12,13
16,15
8,7
10,2
17,1
6,14
9,13
12,16
6,10
6,3
15,10
9,16
22,8
3,9
5,9
19,4
14,14
10,2
18,13
8,9
16,9
11,14
12,12
4,4
7,8
11,5
3,16
11,1
5,4
10,16
9,4
5,11
8,13
3,1
10,4
11,6
8,6
13,1
13,16
5,12
7,10
9,9
13,6
8,7
13,7
3,8
14,15
3,12
10,5
12,16
4,5
16,4
12,9
6,7
16,14
3,2
4,2
9,10
8,1
3,7
10,12
11,13
16,2
21,1
6,1
10,11
19,1
13,4
7,5
16,14
12,3
17,7
13,9
6,8
5,8
11,15
5,11
12,11
4,14
6,11
11,4
8,1
6,16
2,12
12,2
8,10
8,4
5,16
20,14
9,3
3,1
14,12
14,9
17,4
13,3
3,16
12,3
15,16
4,3
13,11
15,15
17,15
12,15
8,3
14,12
15,15
8,1
13,5
9,1
11,12
5,13
6,7
9,7
11,5
2,10
13,10
13,4
6,5
20,16
2,7
8,7
12,1
12,15
8,12
4,6
14,4
15,2
12,6
16,12
14,14
10,12
10,1
14,16
13,13
9,7
11,3
18,12
6,11
3,13
10,9
13,7
9,5
17,15
8,13
4,16
15,4
17,11
8,2
20,12
10,9
2,11
22,12
5,1
12,7
5,4
3,15
5,1
12,3
14,10
8,4
3,6
10,6
11,12
13,10
3,1
8,7
7,7
3,12
21,16
8,8
4,12
11,12
6,11
7,3
7,1
5,12
3,11
14,12
7,4
8,13
12,15
14,8
3,13
10,12
18,1
8,14
9,6
16,5
3,8
7,9
9,1
12,4
16,7
15,4
4,10
3,8
15,1
7,11
12,15
14,1
12,9
15,11
6,12
8,5
18,15
7,5
8,7
20,13
17,2
14,11
7,2
6,16
9,9
11,4
7,8
2,4
3,5
18,8
7,15
13,15
15,10
5,14
8,16
10,12
12,1
7,12
14,16
18,4
3,13
6,14
9,15
20,4
7,14
10,2
2,7
7,10
4,12
10,9
9,4
12,5
16,10
3,9
7,1
5,7
3,2
12,15
10,8
9,6
16,16
13,12
6,14
7,3
6,3
8,3
13,13
6,5
14,16
5,11
11,7
14,7
7,14
7,7
13,13
11,14
11,10
9,1
7,10
15,8
4,4
6,4
9,9
18,12
6,13
7,4
12,11
9,1
5,6
14,15
2,9
7,14
7,3
7,8
10,13
10,15
14,10
15,15
15,5
7,6
13,12
5,8
8,9
9,1
2,13
7,10
6,1
12,11
5,14
12,16
21,13
9,10
10,6
14,11
6,13
6,9
16,10
4,1
16,2
14,13
6,8
17,14
2,10
8,2
7,14
10,12
11,1
11,6
17,4
6,5
9,11
2,9
7,4
13,9
7,3
10,4
10,16
9,3
7,10
14,7
15,3
8,2
8,6
5,2
8,2
14,16
14,15
16,4
6,13
8,4
16,13
18,7
6,11
5,14
13,7
13,15
14,8
6,8
10,1
8,5
13,7
5,14
9,13
6,9
6,15
18,6
4,8
2,8
6,8
6,12
4,11
14,10
14,7
7,2
3,7
9,10
10,11
9,6
3,12
12,2
3,16
4,14
7,7
12,11
12,16
6,6
5,16
4,6
9,14
8,16
9,9
14,8
5,6
8,13
3,11
4,8
11,1
9,4
4,14
17,2
13,8
16,13
17,13
7,6
9,16
10,15
10,10
4,15
9,12
5,9
15,14
11,2
4,8
11,7
7,16
13,7
7,3
8,6
3,6
13,12
2,7
10,14
18,10
7,14
16,5
10,1
2,14
5,16
10,9
9,10
6,16
10,12
14,15
10,7
17,15
6,10
3,8
11,9
9,15
9,13
8,8
10,2
7,11
9,16
14,12
10,14
4,14
18,4
4,15
10,12
21,4
9,1
11,5
11,10
6,5
9,9
15,10
18,11
11,1
15,8
20,1
10,15
7,2
18,11
12,14
4,4
5,10
8,8
15,3
17,10
6,6
23,12
17,10
7,1
21,12
6,9
3,8
6,14
13,8
3,14
10,16
6,16
9,7
2,2
10,11
5,7
6,11
15,9
3,16
12,16
15,7
12,8
6,7
7,9
6,7
2,13
17,13
23,8
21,5
9,11
11,6
11,9
2,11
4,7
4,3
7,1
8,11
11,3
15,14
14,7
2,15
6,10
4,7
2,14
11,6
14,10
5,8
8,13
15,14
13,5
4,11
8,16
7,3
6,9
13,6
4,13
11,16
13,13
5,15
14,3
23,3
6,14
6,3
9,11
8,9
12,9
3,6
16,6
7,6
4,6
3,7
18,2
9,12
15,12
6,2
6,12
7,15
10,9
11,5
16,5
12,16
18,6
4,14
12,14
7,13
12,2
7,3
13,14
13,4
8,12
16,6
7,12
5,6
6,16
8,3
10,5
4,10
2,6
10,11
15,14
5,13
14,2
15,9
6,1
21,3
13,3
14,6
7,12
8,13
2,12
11,11
17,8
5,9
6,5
4,7
6,11
7,1
2,6
8,5
6,9
5,5
6,15
4,8
6,9
14,2
12,9
9,12
4,2
8,15
9,1
10,13
13,12
10,8
23,9
16,12
8,6
7,4
5,10
12,7
14,1
11,7
5,13
6,7
12,9
5,13
20,3
10,4
8,6
18,6
5,9
18,15
19,15
7,14
2,7
7,11
5,16
5,15
8,2
12,10
18,12
3,3
7,1
9,5
9,8
5,7
12,1
7,11
10,9
13,11
7,11
4,16
20,13
6,11
15,9
21,3
8,14
6,15
6,6
15,6
9,13
7,9
12,3
9,13
12,9
14,16
13,4
5,3
9,2
25,15
12,2
7,10
12,16
12,9
8,6
7,7
24,2
9,15
5,13
13,3
5,16
13,11
7,11
5,15
10,9
9,8
17,5
10,14
9,4
4,6
5,6
9,3
7,12
15,12
4,12
18,15
6,11
16,8
7,5
3,6
4,8
3,11
10,6
17,10
5,16
2,12
10,14
10,11
10,12
13,7
8,14
10,1
13,1
6,4
5,4
7,10
6,1
14,14
15,4
3,4
12,9
13,11
12,2
5,10
7,11
12,6
11,9
9,3
9,3
6,16
11,2
8,10
2,8
10,16
14,9
11,9
11,5
3,16
3,4
2,4
16,3
10,8
7,3
15,11
16,12
7,16
8,6
12,13
9,2
8,4
15,3
8,11
14,16
5,15
9,10
5,8
3,15
2,12
8,13
17,1
14,5
3,10
16,11
12,8
17,4
22,8
9,6
5,16
6,9
3,13
4,6
8,13
10,13
11,10
10,13
5,16
14,14
8,10
23,10
4,4
2,3
8,16
15,2
4,11
18,6
20,3
5,7
11,13
4,7
13,12
2,10
14,16
5,7
7,1
14,15
10,6
11,12
19,11
7,16
10,8
18,16
4,16
12,3
14,2
14,7
12,1
6,10
10,4
7,5
8,16
14,9
10,5
5,15
3,4
14,12
3,15
17,10
9,15
11,14
6,1
10,9
5,12
5,11
10,6
11,5
12,14
7,5
17,16
4,15
7,5
11,5
7,9
10,4
15,3
5,16
2,12
9,4
3,1
7,9
6,10
10,15
16,6
16,4
14,12
7,9
14,5
5,9
7,10
19,13
9,13
21,1
4,14
6,12
2,2
3,12
13,12
7,10
19,12
6,12
16,3
6,2
6,5
8,3
3,3
11,1
26,16
18,6
6,2
16,10
13,16
11,8
6,15
5,8
7,14
5,15
11,14
14,15
13,14
17,8
16,8
14,9
13,4
13,15
10,13
11,13
7,13
14,12
3,11
11,5
14,2
14,8
8,4
5,15
17,12
9,10
4,7
4,1
18,1
8,12
25,9
7,14
3,5
7,5
2,8
16,5
4,16
15,1
6,8
4,13
6,7
7,16
3,8
8,13
12,10
4,13
18,4
12,15
9,5
3,5
9,13
6,5
14,4
8,5
9,10
6,13
9,1
13,14
17,6
7,9
3,12
8,3
17,1
21,8
3,11
16,14
16,10
3,6
12,15
13,9
21,5
9,6
10,10
10,10
15,6
9,1
10,15
6,6
2,16
8,16
11,12
4,1
13,5
7,9
6,2
12,10
9,6
11,15
2,16
17,9
8,5
8,1
9,7
22,15
8,1
10,10
8,16
7,10
3,1
15,15
4,7
12,16
6,16
8,11
17,2
9,9
11,10
9,6
6,8
4,6
3,7
16,1
12,3
11,14
5,10
10,6
13,2
13,16
6,14
8,1
6,12
8,10
21,8
8,8
10,3
20,12
8,2
3,5
10,16
11,2
3,12
8,9
12,15
9,14
10,15
16,2
8,1
13,1
13,7
14,11
13,13
7,1
3,7
7,12
14,11
6,3
13,3
4,12
8,9
9,10
4,12
11,5
2,7
3,8
6,6
22,14
2,10
17,3
21,11
6,2
6,2
10,15
12,5
3,1
9,5
10,4
6,10
5,12
19,11
17,12
6,1
16,6
13,8
10,10
11,12
10,9
18,8
7,4
6,5
5,3
3,12
4,13
4,12
5,11
16,14
9,11
2,2
9,4
6,9
10,6
28,2
3,11
8,16
4,6
3,2
2,12
8,10
8,7
8,8
9,6
7,14
22,14
5,5
5,14
12,7
22,4
6,13
17,13
7,16
7,10
4,5
8,14
6,4
3,4
12,10
8,16
9,15
5,11
5,12
9,10
11,13
13,9
5,12
5,2
7,14
12,1
4,1
3,16
5,6
9,1
14,7
23,5
3,11
7,7
8,1
11,4
5,15
7,12
4,10
13,14
14,1
4,9
2,16
7,5
16,5
9,13
17,14
9,3
5,11
12,16
7,9
4,15
10,14
6,1
10,2
8,5
2,4
8,15
22,16
11,9
5,10
2,14
11,11
9,9
14,2
13,14
26,3
9,15
16,14
11,1
6,8
8,4
9,14
3,4
7,2
11,6
12,11
8,3
9,13
8,4
15,2
5,3
11,6
9,13
7,13
9,16
18,6
13,5
10,13
16,14
3,4
5,6
2,10
5,2
11,5
10,5
15,4
12,2
2,15
5,16
19,10
11,3
13,4
7,11
8,9
7,11
9,8
4,11
17,11
12,4
11,8
10,7
21,4
12,6
7,1
8,16
20,9
4,1
14,1
9,7
16,11
8,8
7,12
12,3
13,5
6,3
9,7
15,5
12,7
8,6
11,6
2,1
14,7
13,13
6,10
7,6
15,16
20,11
3,12
6,8
8,8
4,9
5,13
17,4
5,15
14,8
7,3
4,5
6,2
8,9
11,1
4,15
10,2
15,2
15,2
5,15
12,2
3,13
11,3
3,2
14,14
21,4
5,8
4,16
4,8
8,6
19,2
14,2
5,9
8,2
8,10
13,2
5,15
17,6
6,15
13,15
14,14
9,7
14,4
4,9
9,2
14,15
15,2
11,11
13,8
12,8
12,6
3,15
5,5
8,13
11,13
11,9
7,3
11,2
8,15
22,6
11,2
7,7
9,1
5,7
7,14
12,6
9,14
9,9
13,6
18,6
16,2
7,10
10,12
13,4
19,15
17,2
6,1
12,4
7,5
17,4
14,14
15,7
7,1
6,13
8,14
8,3
4,14
10,7
3,5
12,10
7,1
6,11
6,5
7,6
5,12
4,15
7,16
8,9
8,9
12,4
14,14
4,9
13,1
12,9
5,11
8,3
11,9
9,8
5,9
6,9
6,13
8,10
7,7
11,13
12,8
13,5
2,12
9,15
8,15
2,6
7,3
6,16
12,11
20,8
13,7
16,4
6,7
12,4
10,10
4,11
11,3
10,4
18,1
12,10
16,15
10,4
7,9
10,14
4,1
11,4
13,9
7,1
9,13
12,6
6,16
11,16
5,9
17,4
14,13
6,13
15,11
9,12
13,10
18,13
17,3
16,14
20,13
16,2
18,5
12,15
10,3
9,5
5,13
5,2
12,13
8,3
9,14
8,10
4,13
14,3
8,9
21,16
15,7
13,11
14,14
5,15
8,8
8,12
4,9
4,3
4,15
17,8
6,2
5,5
17,3
9,7
7,4
18,9
9,11
14,16
6,4
20,8
3,8
5,11
10,6
3,16
7,3
2,14
11,16
4,15
6,10
9,5
5,5
5,4
7,8
10,5
9,11
10,9
5,1
7,16
13,2
7,9
10,6
7,1
8,12
10,15
7,1
5,13
5,2
12,5
18,10
11,11
9,11
4,3
4,4
7,2
8,10
18,8
7,14
8,4
9,1
6,11
16,14
18,6
4,5
3,12
8,11
10,8
6,7
5,2
10,2
18,9
11,7
11,2
7,3
4,6
3,9
8,16
12,12
10,10
14,5
15,15
14,13
8,4
4,14
6,1
8,2
12,2
16,3
13,3
9,2
4,16
6,9
8,12
4,12
18,1
11,11
11,8
7,7
6,16
15,12
17,9
6,5
2,5
3,14
8,7
11,9
17,12
6,2
3,5
13,11
3,7
14,13
5,2
14,2
11,12
4,6
6,14
12,10
13,8
8,5
13,8
3,12
14,10
7,1
11,5
11,16
14,10
4,6
9,16
4,9
8,16
6,1
16,4
8,10
8,11
3,11
4,10
16,3
9,6
7,2
4,10
6,13
10,14
11,14
12,11
9,14
18,5
4,15
13,9
15,5
5,4
10,16
8,5
4,15
4,10
12,14
10,11
5,12
7,10
9,15
6,1
4,14
14,13
7,10
14,15
3,8
9,12
3,15
8,1
4,1
9,5
7,7
10,6
15,8
16,16
18,11
8,5
8,5
9,8
14,9
15,5
19,4
13,12
6,3
14,1
4,1
12,2
14,12
15,5
4,1
8,9
19,6
13,13
3,6
5,3
4,6
8,9
2,2
3,5
14,9
16,9
10,15
10,16
14,2
9,11
8,15
12,13
5,13
6,9
6,7
12,10
12,1
7,11
14,6
4,11
12,16
11,3
12,5
7,16
14,12
5,14
3,16
16,13
12,5
8,14
8,7
11,11
13,1
11,1
5,5
6,6
6,8
12,12
9,10
13,9
16,4
17,9
11,8
5,12
9,9
10,14
21,11
3,4
13,12
3,8
11,1
3,2
16,8
7,10
8,13
8,5
8,13
12,11
5,8
22,1
13,11
15,14
10,11
12,14
4,8
13,8
5,11
5,4
11,2
24,3
6,16
6,7
10,3
13,12
17,3
18,8
7,4
10,5
12,3
16,11
10,4
22,3
19,3
14,10
12,14
7,9
9,13
10,13
20,6
18,9
10,14
13,14
4,8
7,4
8,15
2,3
4,5
7,6
13,8
3,13
2,9
9,6
6,7
13,5
4,2
7,16
3,3
14,7
5,11
11,10
7,11
6,8
6,6
5,16
16,7
21,14
19,11
8,7
4,12
13,9
12,3
5,1
5,3
11,5
7,2
16,7
15,13
7,10
11,2
7,15
8,9
10,8
10,5
5,15
6,7
7,10
5,13
9,12
14,13
5,11
13,1
7,11
4,15
7,3
5,16
10,3
4,15
6,12
8,9
14,3
6,11
12,7
4,9
7,12
6,14
7,2
9,16
17,3
6,10
12,2
7,6
18,3
12,16
7,9
10,9
5,4
10,6
10,11
11,13
15,3
4,9
7,7
5,12
16,12
4,3
13,9
15,1
10,15
5,4
12,5
5,3
6,14
13,10
11,13
9,3
19,12
3,7
9,8
11,12
9,12
2,3
5,13
7,12
4,3
12,16
9,5
11,11
17,16
9,13
13,14
9,9
6,1
10,11
8,10
4,4
9,12
8,13
12,16
4,5
16,16
18,8
11,4
7,7
9,1
12,13
11,7
6,10
6,13
17,9
20,9
13,14
7,9
2,1
6,2
9,13
3,12
7,2
3,15
16,5
7,10
6,9
5,5
16,15
11,3
12,13
16,9
7,16
12,16
19,15
16,14
17,9
8,7
15,3
10,7
5,5
14,14
9,10
3,15
12,7
7,7
9,13
15,12
10,4
6,16
16,5
11,8
3,6
6,3
5,15
8,15
19,5
8,6
3,5
11,15
10,1
17,14
19,11
15,15
4,16
9,15
4,3
12,16
9,14
7,14
11,15
13,10
8,10
9,6
4,15
3,7
3,3
16,1
6,1
10,7
13,6
16,2
19,11
8,14
13,12
8,7
15,12
9,12
11,5
3,2
9,1
9,15
8,15
10,2
12,3
19,14
4,15
22,1
9,8
14,5
4,2
13,1
18,12
17,14
10,14
3,14
13,1
8,1
4,14
16,6
20,15
5,6
8,16
13,3
5,5
9,7
5,7
18,7
6,13
7,16
15,14
8,6
12,6
11,5
8,15
6,4
13,3
14,8
15,4
10,7
12,13
16,9
5,15
7,10
8,12
21,4
20,2
8,7
11,11
3,2
12,9
3,11
7,2
12,9
9,9
7,6
15,14
12,13
6,5
9,10
10,2
10,14
17,11
16,3
16,7
4,5
13,1
8,16
7,14
4,1
5,13
6,11
7,5
13,5
2,12
5,11
10,15
8,4
13,6
8,3
10,6
9,10
2,4
10,4
5,6
12,9
7,5
3,13
7,12
14,13
7,8
4,3
7,15
9,11
7,13
12,9
12,6
11,7
19,9
5,8
12,11
2,7
19,16
10,12
3,13
12,13
4,14
6,3
3,1
17,14
2,7
20,10
15,4
12,11
12,6
13,2
17,11
12,1
12,13
6,11
11,11
2,8
11,11
19,11
11,10
7,14
15,11
6,1
8,11
6,14
5,2
4,11
3,4
11,2
19,16
17,7
13,16
5,12
19,13
12,11
13,1
8,13
6,15
12,9
17,16
8,11
7,3
5,15
8,13
5,7
3,11
5,16
5,3
7,16
14,7
21,15
4,8
13,14
7,10
11,13
17,1
6,7
7,10
13,7
11,15
13,16
5,12
7,14
10,2
7,8
15,1
10,15
4,4
6,3
8,7
16,15
20,4
22,10
12,11
13,4
9,9
13,11
22,16
18,6
13,5
9,8
11,6
18,7
9,11
20,7
14,10
9,7
8,2
14,10
16,5
19,6
16,8
4,4
13,4
23,4
12,15
8,5
20,5
5,15
14,12
8,13
15,15
15,11
16,3
9,2
21,10
12,9
11,5
12,8
16,7
25,13
4,14
15,15
10,9
10,10
8,8
3,9
8,12
16,2
9,1
18,13
28,6
14,7
12,16
19,7
8,14
15,13
5,15
8,8
12,5
17,7
8,16
23,3
14,15
16,6
9,7
16,7
5,5
23,7
11,14
18,12
15,10
7,6
12,5
23,13
17,12
15,15
5,10
19,3
20,7
9,14
10,3
10,12
13,13
21,15
13,7
18,2
21,1
8,14
11,13
17,16
12,10
8,3
21,10
12,16
23,8
10,9
6,9
21,4
22,14
14,2
20,13
20,9
20,9
16,14
14,12
7,4
28,8
15,5
7,16
18,1
13,4
19,16
11,4
13,11
10,13
19,1
22,4
21,6
25,6
25,1
14,16
9,12
10,10
15,9
15,6
14,7
17,7
14,8
16,15
10,12
11,5
19,16
12,5
17,4
14,9
15,7
17,14
10,2
8,2
17,10
13,1
6,7
11,12
12,13
19,2
26,1
11,1
11,11
23,1
18,4
13,5
22,14
14,3
18,7
15,9
8,8
22,8
12,15
18,11
19,11
8,14
10,11
16,4
10,1
13,16
4,12
24,2
13,10
13,4
8,16
25,14
12,3
10,1
20,12
17,9
18,4
19,3
7,16
13,3
26,16
7,3
19,11
21,15
18,15
14,15
10,3
19,12
18,15
12,1
15,5
12,1
12,12
7,13
10,7
19,7
13,5
10,10
16,10
14,4
8,5
22,16
14,7
10,7
21,1
14,15
10,12
12,6
24,4
24,2
14,6
18,12
18,14
17,12
14,1
17,16
16,13
11,7
15,3
19,12
8,11
8,13
20,9
14,7
16,5
21,15
15,13
7,16
19,4
19,11
19,2
28,12
13,9
8,11
23,12
12,1
14,7
14,4
13,15
11,1
13,3
15,10
11,4
8,6
19,6
15,12
22,10
5,1
9,7
11,7
20,12
24,16
10,8
11,12
12,12
15,11
8,3
9,1
7,12
10,11
16,12
16,4
9,13
19,15
16,8
4,13
16,12
21,1
13,14
12,6
22,5
11,8
10,9
13,1
14,4
17,7
21,4
6,10
13,8
19,1
17,11
14,15
19,1
20,9
16,11
8,12
25,5
20,15
16,5
9,7
22,13
25,2
15,11
20,2
8,16
10,9
13,4
21,8
17,4
5,5
20,8
13,15
17,15
18,10
8,14
11,16
14,12
14,1
9,12
15,16
22,4
18,13
9,14
10,15
24,4
8,14
15,2
7,7
17,10
11,12
24,9
12,4
14,5
17,10
20,9
10,1
13,7
4,2
15,15
19,8
11,6
18,16
15,12
11,14
12,3
16,3
9,3
17,13
21,5
16,16
7,11
14,7
15,7
10,14
9,7
17,13
12,14
16,10
10,1
10,10
16,8
7,4
11,4
12,9
20,12
10,13
20,4
16,11
24,1
22,6
15,15
3,9
14,14
10,3
9,8
11,13
16,15
15,10
20,15
16,5
9,6
15,12
8,8
14,9
10,1
5,13
22,10
13,1
13,11
6,14
18,16
22,13
11,10
11,6
15,11
13,13
9,9
19,10
11,1
22,2
16,13
14,8
21,14
10,10
9,2
8,14
12,12
16,1
15,6
20,4
11,5
11,11
13,9
12,4
17,9
15,3
17,4
14,16
10,3
23,10
28,7
16,3
17,2
11,6
11,2
9,2
17,16
17,15
17,4
12,13
9,4
21,13
20,7
9,11
10,14
17,7
24,15
17,8
8,8
18,1
9,5
18,7
12,14
11,13
14,9
11,15
22,6
10,8
11,8
9,8
19,12
20,11
22,10
16,7
16,2
5,7
12,10
12,11
11,6
6,12
16,2
7,16
12,14
9,7
17,11
13,16
7,6
15,16
5,6
15,14
17,16
15,9
17,8
14,6
12,13
12,11
12,8
18,1
14,4
5,14
19,2
15,8
19,13
23,13
16,6
16,16
11,15
11,10
9,15
21,12
9,9
20,14
16,2
6,8
15,7
22,16
14,7
8,3
9,6
4,6
23,12
14,7
16,14
19,10
14,14
21,5
14,1
5,14
10,16
16,9
13,10
7,16
15,12
17,15
15,7
18,15
7,10
7,8
19,9
19,15
13,13
11,8
13,2
8,11
19,16
16,12
12,14
7,14
23,4
19,15
11,12
23,4
15,1
14,5
13,10
14,5
10,9
16,10
25,11
12,1
16,8
25,1
13,15
12,2
21,11
14,14
5,4
12,10
11,8
16,3
19,10
14,6
24,12
18,10
12,1
22,12
12,9
15,8
10,14
17,8
13,14
19,16
8,16
15,7
6,2
13,11
6,7
13,11
20,9
17,16
13,16
21,7
16,8
17,7
11,9
12,7
3,13
18,13
24,8
22,5
11,11
23,6
23,9
4,11
9,7
5,3
9,1
11,11
20,3
18,14
17,7
22,15
15,10
14,7
8,14
15,6
24,10
11,8
12,13
20,14
19,5
11,11
12,16
9,3
12,9
14,6
10,13
12,16
17,13
17,15
23,3
24,3
9,14
8,3
13,11
11,9
21,9
9,6
17,6
13,6
9,6
16,7
19,2
13,12
18,12
7,2
7,12
10,15
18,9
17,5
19,5
25,16
19,6
8,14
13,14
14,13
15,2
13,3
14,14
17,4
11,12
19,6
8,12
11,6
14,16
12,3
12,5
10,10
14,6
12,11
18,14
9,13
15,2
20,9
13,1
25,3
14,3
18,6
10,12
14,13
4,12
14,11
18,8
13,9
15,5
7,7
17,11
8,1
5,6
13,5
12,9
6,5
7,15
5,8
13,9
17,2
17,9
11,12
9,2
17,15
15,1
13,13
14,12
16,8
26,9
18,12
14,6
12,4
11,10
18,7
24,1
17,7
13,13
11,7
15,9
7,13
26,3
12,4
18,6
22,6
8,9
27,15
21,15
16,14
4,7
8,11
7,16
6,15
11,2
16,10
19,12
15,3
9,1
12,5
11,8
12,7
13,1
21,11
16,9
19,11
8,11
20,16
25,13
7,11
18,9
26,3
20,14
11,15
9,6
20,6
10,13
10,9
24,3
12,13
15,9
20,16
14,4
9,3
11,2
27,15
17,2
15,10
15,16
19,9
13,6
11,7
27,2
14,15
19,13
17,3
7,16
20,11
10,11
23,15
11,9
13,8
24,5
20,14
14,4
11,6
10,6
14,3
12,12
22,12
13,12
22,15
22,11
18,8
9,5
7,6
19,8
4,11
11,6
22,10
10,16
9,12
18,14
11,11
17,12
16,7
11,14
13,1
21,1
15,4
19,4
14,10
13,1
18,14
22,4
5,4
14,9
15,11
13,2
14,10
11,11
19,6
20,9
10,3
11,3
11,16
15,2
9,10
5,8
11,16
19,9
13,9
12,5
8,16
15,4
10,4
22,3
17,8
15,3
20,11
22,12
9,16
9,6
19,13
15,2
12,4
16,3
12,11
18,16
6,15
14,10
12,8
6,15
5,12
24,13
18,1
15,5
13,10
24,11
20,8
19,4
25,8
18,6
10,16
8,9
7,13
5,6
9,13
11,13
16,10
12,13
6,16
22,14
12,10
26,10
14,4
9,3
12,16
16,2
6,11
20,6
24,3
15,7
18,13
6,7
17,12
6,10
20,16
12,7
9,1
18,15
11,6
14,12
22,11
13,16
15,8
19,16
5,16
18,3
22,2
17,7
14,1
11,10
19,4
11,5
9,16
15,9
11,5
16,15
5,4
21,12
9,15
22,10
16,15
12,14
23,1
16,9
10,12
13,11
19,6
21,5
13,14
20,5
19,16
7,15
8,5
12,5
11,9
17,4
21,3
14,16
11,12
17,4
4,1
9,9
11,10
12,15
18,6
17,4
19,12
9,9
15,5
13,9
8,10
21,13
10,13
26,1
5,14
10,12
15,2
5,12
16,12
10,10
20,12
14,12
23,3
7,2
13,5
9,3
8,3
13,1
27,16
22,6
20,2
19,10
16,16
16,8
10,15
8,8
11,14
19,15
17,14
18,15
23,14
18,8
17,8
16,9
14,4
15,15
12,13
14,13
10,13
15,12
4,11
20,5
18,2
17,8
12,4
7,15
24,12
19,10
9,7
5,1
21,1
17,12
26,9
10,14
6,5
14,5
14,8
17,5
12,16
18,1
15,8
16,13
13,7
10,16
13,8
11,13
18,10
5,13
23,4
13,15
17,5
5,5
12,13
8,5
21,4
12,5
20,10
12,13
17,1
14,14
18,6
8,9
7,12
15,3
18,1
24,8
8,11
18,14
18,10
7,6
13,15
18,9
23,5
10,6
23,10
13,10
16,6
17,1
12,15
15,6
7,16
14,16
19,12
8,1
18,5
13,9
8,2
15,10
12,6
13,15
5,16
25,9
11,5
20,1
10,7
24,15
11,1
15,10
18,16
8,10
12,1
18,15
8,7
15,16
8,16
9,11
23,2
14,9
16,10
18,6
12,8
17,6
8,7
18,1
21,3
16,14
7,10
19,6
19,2
16,16
10,14
9,1
15,12
16,10
28,8
12,8
14,3
21,12
13,2
9,5
13,16
12,2
9,12
14,9
14,15
12,14
17,15
20,2
22,1
14,1
23,7
20,11
18,13
10,1
21,7
8,12
25,11
10,3
15,3
16,12
15,9
11,10
11,12
12,5
3,7
13,8
8,6
24,14
19,10
23,3
22,11
10,2
8,2
13,15
21,5
4,1
21,5
19,4
11,10
13,12
24,11
21,12
7,1
19,6
14,8
11,10
13,12
11,9
21,8
13,4
10,5
14,3
6,12
15,13
5,12
7,11
26,14
11,11
18,2
16,4
14,9
22,6
29,2
6,11
10,16
16,6
7,2
3,12
13,10
14,7
12,8
13,6
13,14
27,14
7,5
6,14
13,7
26,4
7,13
18,13
12,16
8,10
19,5
10,14
7,4
16,4
15,10
10,16
16,15
11,11
10,12
11,10
15,13
21,9
11,12
15,2
14,14
14,1
14,1
14,16
12,6
13,1
15,7
25,5
7,11
16,7
15,1
12,4
6,15
8,12
22,10
20,14
16,1
6,9
8,16
10,5
25,5
15,13
21,14
13,3
11,11
20,16
18,9
7,15
13,14
7,1
17,2
20,5
15,4
10,15
26,16
17,9
7,10
5,14
17,11
18,9
15,2
24,14
27,3
14,15
22,14
20,1
7,8
11,4
14,14
7,4
11,2
13,6
13,11
12,3
11,13
12,4
18,2
6,3
13,6
16,13
12,13
14,16
19,6
15,5
16,13
17,14
12,4
23,6
9,10
12,2
18,5
16,5
19,4
20,2
14,15
11,16
20,10
13,3
17,4
13,11
10,9
10,11
10,8
18,11
23,11
18,4
15,8
13,7
24,4
14,6
11,1
11,16
21,9
6,1
16,1
10,7
22,11
23,8
10,12
14,3
15,5
15,3
18,7
21,5
18,7
13,6
12,6
3,1
24,7
15,13
12,10
11,6
17,16
22,11
17,12
7,8
9,8
5,9
7,13
19,4
6,15
15,8
13,3
6,5
9,2
9,9
14,1
13,15
17,2
21,2
16,2
12,15
18,2
8,13
13,3
6,2
17,14
23,4
7,8
18,16
6,8
10,6
22,2
22,2
9,9
14,2
17,10
18,2
10,15
18,6
10,15
20,15
16,14
19,7
19,4
24,9
10,2
15,15
19,2
16,11
16,8
15,8
18,6
18,15
19,5
19,13
12,13
12,9
10,3
15,2
11,15
23,6
22,2
9,7
16,1
7,7
21,14
13,6
20,14
10,9
14,6
21,6
22,2
9,10
15,12
18,4
25,15
19,2
8,1
16,4
12,5
21,4
17,14
16,7
10,1
8,13
12,14
14,3
15,14
12,7
18,5
14,10
14,1
11,11
8,5
26,6
10,12
12,15
13,16
9,9
10,9
13,4
22,14
5,9
16,1
22,9
7,11
14,3
15,9
13,8
10,9
21,9
12,13
17,10
17,7
15,13
21,8
15,5
7,12
11,15
13,15
5,6
8,3
15,16
21,11
21,8
22,7
19,4
16,7
19,4
17,10
8,11
19,3
12,4
21,1
13,10
18,15
13,4
9,9
16,14
9,1
20,4
22,9
10,1
10,13
22,6
13,16
14,16
9,9
18,4
16,13
11,13
18,11
14,12
21,10
19,13
19,3
17,14
21,13
18,2
20,5
19,15
13,3
11,5
6,13
7,2
14,13
11,3
11,14
15,10
5,13
17,3
11,9
29,16
16,7
17,11
16,14
15,15
22,8
11,12
18,9
7,3
19,15
21,8
10,2
11,5
19,3
16,7
18,4
22,9
11,11
23,16
22,4
25,8
4,8
16,11
12,6
15,16
8,3
18,14
16,16
10,15
7,10
16,5
7,5
9,4
20,8
19,5
13,11
19,9
18,1
13,16
15,2
19,9
21,6
11,1
11,12
16,15
9,1
7,13
10,2
15,5
23,10
14,11
10,11
7,3
7,4
12,2
9,10
21,8
10,14
12,4
25,1
8,11
18,14
27,6
14,5
5,12
13,11
20,8
8,7
18,2
13,2
22,9
17,7
13,2
8,3
10,6
4,9
14,16
17,12
12,10
18,5
17,15
15,13
16,4
14,14
7,1
14,2
15,2
17,3
15,3
11,2
8,16
14,9
15,12
11,12
19,1
13,11
16,8
19,7
9,16
17,12
20,9
7,5
8,5
4,14
10,7
18,9
21,12
11,2
16,5
16,11
7,7
16,13
8,2
18,2
12,12
16,6
7,14
18,10
20,8
10,5
16,8
9,12
15,10
19,1
14,5
16,16
21,10
8,6
12,16
11,9
16,16
10,1
21,4
9,10
13,11
9,11
14,10
18,3
17,6
13,2
7,10
9,13
16,14
16,14
18,11
10,14
20,5
8,15
16,9
18,5
7,4
15,16
14,5
14,15
5,10
15,14
14,11
6,12
10,10
11,15
14,1
9,14
18,13
11,10
20,15
4,8
12,12
5,15
12,1
15,1
13,5
23,7
13,6
20,8
19,16
22,11
11,5
14,5
11,8
17,9
17,5
21,4
18,12
20,3
22,1
9,1
21,2
18,12
21,5
11,1
13,9
23,6
14,13
20,6
6,3
6,6
14,9
14,2
7,5
20,9
21,9
20,15
14,16
17,2
13,11
11,15
14,13
17,13
8,9
8,7
14,10
14,1
22,11
15,6
13,11
20,16
18,3
18,5
10,16
15,12
9,14
17,16
17,13
16,5
11,14
12,7
15,11
16,1
20,1
8,5
10,6
18,8
17,12
18,10
15,9
18,4
20,9
13,8
17,12
12,9
17,14
22,11
15,4
16,12
5,8
12,1
11,2
20,8
10,10
11,13
11,5
17,13
14,11
15,8
23,1
17,11
19,14
15,11
22,14
17,8
15,8
28,11
7,4
17,2
26,3
7,16
12,7
12,3
19,12
20,3
23,8
10,4
18,5
13,3
23,11
16,4
25,3
22,3
17,10
23,14
10,9
13,13
15,13
22,6
20,9
12,14
15,14
7,8
14,4
11,15
18,3
17,5
9,6
14,8
4,13
5,9
21,6
13,7
14,5
8,2
13,16
9,3
26,7
6,11
13,10
8,11
12,8
8,6
9,16
18,7
22,14
20,11
17,7
5,12
16,9
15,3
7,1
12,3
12,5
10,2
21,7
17,13
15,10
19,2
8,15
14,9
15,8
12,5
8,15
7,7
20,10
6,13
15,12
16,13
13,11
14,1
14,11
10,15
10,3
9,16
14,3
14,15
11,12
13,9
18,3
10,11
13,7
7,9
20,12
13,14
11,2
12,16
22,3
8,10
18,2
10,6
20,3
22,16
15,9
16,9
13,4
12,6
20,11
13,13
23,3
21,9
16,7
6,12
19,12
9,3
16,9
19,1
23,15
17,4
18,5
9,3
17,14
19,10
12,13
21,3
20,12
7,7
15,8
12,12
13,12
7,3
9,13
11,12
10,3
14,16
20,5
15,11
22,16
11,13
14,14
18,9
8,1
19,11
12,10
8,4
21,12
10,13
16,16
10,5
17,16
23,8
13,4
11,7
14,1
21,13
14,7
10,10
10,13
19,9
22,9
17,14
10,9
14,1
14,2
12,13
8,12
8,2
5,15
18,5
10,10
16,9
6,5
21,15
16,3
21,13
18,9
11,16
14,16
20,15
21,14
18,9
12,7
19,3
16,7
9,5
21,14
22,10
4,15
14,7
10,7
14,13
19,12
12,4
24,16
19,5
12,8
6,6
10,3
6,15
9,15
21,5
16,6
6,5
13,15
11,1
22,14
22,11
17,15
5,16
20,15
8,3
15,16
20,14
8,14
14,15
16,10
18,10
18,6
7,15
7,7
5,3
20,1
9,1
23,7
15,6
18,2
20,11
10,14
14,12
12,7
23,12
10,12
17,5
5,2
12,1
14,15
9,15
21,2
13,3
20,14
12,15
27,1
10,8
20,5
8,2
14,1
20,12
20,14
19,14
7,14
18,1
11,1
8,14
27,6
24,15
21,6
20,16
14,3
10,5
10,7
13,7
21,7
15,13
13,16
18,14
16,6
21,6
15,5
11,15
7,4
20,3
27,8
18,4
13,7
25,13
19,9
11,15
11,10
11,12
23,4
21,2
19,7
14,11
4,2
14,9
9,11
19,2
14,9
11,9
8,6
16,14
18,13
7,5
10,10
13,2
17,14
19,11
18,3
17,7
11,5
17,1
26,16
13,14
8,1
8,13
19,11
9,5
20,5
3,12
9,11
14,15
10,4
21,6
14,3
14,6
11,10
9,4
11,4
6,6
14,9
8,5
5,13
11,12
21,13
27,8
13,3
8,15
10,11
10,13
17,9
18,6
13,7
22,9
6,8
18,11
3,7
21,16
21,12
4,13
16,13
11,14
7,3
14,1
18,14
14,7
24,10
22,4
23,11
16,6
16,2
19,11
19,1
14,13
8,11
12,11
4,8
16,11
25,11
12,10
8,14
16,11
8,1
9,11
12,14
20,2
6,11
5,4
16,2
24,16
21,7
16,16
9,12
20,13
13,11
15,1
17,13
7,15
20,9
26,16
10,11
14,3
9,15
10,13
7,7
17,11
6,16
23,3
8,16
17,7
24,15
5,8
14,14
14,10
25,13
20,1
13,7
15,10
16,7
14,15
15,16
11,12
15,14
20,2
11,8
18,1
22,15
10,4
17,3
10,7
22,15
22,4
24,10
20,11
24,4
15,9
22,11
23,16
19,6
20,5
23,8
15,6
24,7
15,11
24,7
15,10
14,7
10,2
23,10
20,5
21,6
23,8
7,4
15,4
28,4
14,15
13,5
22,5
10,15
24,12
19,13
20,15
24,11
26,3
20,2
23,10
13,9
14,5
19,8
17,7
26,13
11,14
16,15
22,9
12,10
12,8
17,9
10,12
22,2
14,1
20,13
29,6
15,7
23,16
25,7
9,14
27,13
24,15
26,8
22,5
26,7
15,16
24,3
20,15
24,6
16,7
20,7
9,5
26,7
20,14
28,12
16,10
12,6
27,5
24,13
21,12
17,15
17,10
26,3
24,7
10,14
20,3
18,12
14,13
22,15
19,7
19,2
23,1
21,14
17,13
26,16
17,10
20,3
24,10
14,16
24,8
23,9
21,9
30,4
23,14
17,2
23,13
22,9
22,9
17,14
15,12
14,4
31,8
16,5
8,16
26,1
22,4
27,16
18,4
19,11
14,13
24,1
23,4
23,6
29,6
26,1
21,16
12,12
12,10
17,9
23,6
22,7
20,7
30,8
18,15
11,12
12,5
20,16
18,5
24,4
15,9
25,7
24,14
12,2
23,2
19,10
22,1
16,7
12,12
15,13
22,2
28,1
18,1
20,11
28,1
20,4
18,5
25,14
17,3
23,7
18,9
18,8
26,8
20,15
20,11
22,11
11,14
16,11
19,4
12,1
19,16
9,12
28,2
14,10
14,4
15,16
26,14
17,3
12,1
26,12
23,9
21,4
20,3
18,16
22,3
31,16
9,3
20,11
22,15
20,15
15,15
19,3
22,12
20,15
21,1
17,5
28,1
17,12
14,13
19,7
22,7
22,5
12,10
17,10
17,4
20,5
24,16
22,7
18,7
22,1
16,15
15,12
14,6
25,4
29,2
20,6
20,12
20,14
22,12
23,1
20,16
18,13
15,7
22,3
21,12
23,11
11,13
21,9
22,7
23,5
28,15
19,13
15,16
20,4
20,11
25,2
29,12
18,9
16,11
27,12
23,1
18,7
19,4
20,15
28,1
19,3
16,10
16,4
11,6
22,6
20,12
27,10
12,1
12,7
16,7
21,12
26,16
18,8
21,12
18,12
23,11
14,3
13,1
8,12
19,11
18,12
17,4
16,13
22,15
18,8
23,13
19,12
23,1
26,14
14,6
24,5
17,8
11,9
26,1
20,4
23,7
28,4
13,10
21,8
21,1
19,11
22,15
27,1
24,9
19,11
16,12
27,5
22,15
18,5
14,7
26,13
27,2
20,11
22,2
10,16
19,9
19,4
25,8
22,4
20,5
28,8
19,15
18,15
21,10
24,14
17,16
19,12
17,1
16,12
18,16
26,4
27,13
16,14
18,15
25,4
16,14
18,2
10,7
22,10
16,12
26,9
16,4
17,5
22,10
24,9
14,1
22,7
13,2
24,15
21,8
17,6
27,16
26,12
12,14
18,3
17,3
22,3
18,13
29,5
18,16
22,11
15,7
19,7
26,14
16,7
21,13
15,14
18,10
13,1
16,10
17,8
19,4
19,4
14,9
25,12
15,13
24,4
19,11
25,1
23,6
17,15
8,9
17,14
16,3
17,8
29,13
17,15
16,10
23,15
25,5
16,6
20,12
11,8
22,9
15,1
12,13
26,10
20,1
23,11
9,14
20,16
23,13
16,10
14,6
20,11
29,13
11,9
27,10
13,1
23,2
23,13
15,8
22,14
24,10
20,2
17,14
21,12
17,1
26,6
24,4
17,5
16,11
22,9
16,4
20,9
18,3
25,4
15,16
11,3
30,10
31,7
21,3
20,2
13,6
15,2
20,2
22,16
18,15
19,4
19,13
10,4
24,13
23,7
10,11
11,14
20,7
25,15
19,8
14,8
20,1
10,5
19,7
19,14
19,13
17,9
14,15
23,6
12,8
19,8
10,8
21,12
25,11
24,10
17,7
22,2
6,7
15,10
17,11
22,6
13,12
20,2
13,16
17,14
19,7
19,11
22,16
17,6
17,16
8,6
16,14
21,16
24,9
27,8
18,6
13,13
13,11
18,8
20,1
19,4
11,14
22,2
28,8
21,13
25,13
17,6
17,16
12,15
17,10
11,15
27,12
14,9
25,14
18,2
11,8
19,7
23,16
24,7
9,3
17,6
8,6
28,12
22,7
17,14
23,10
16,14
27,5
16,1
6,14
14,16
20,9
17,10
10,16
17,12
23,15
19,7
21,15
14,10
13,8
30,9
22,15
15,13
19,8
14,2
20,11
20,16
21,12
14,14
17,14
27,4
22,15
28,12
31,4
20,1
19,5
18,10
16,5
19,9
25,10
26,11
14,1
17,8
30,1
16,15
19,2
22,11
20,14
25,4
13,10
13,8
24,3
23,10
16,6
25,12
19,10
19,1
23,12
17,9
16,8
14,14
19,8
20,14
27,16
18,16
23,7
11,2
15,11
7,7
18,11
22,9
22,16
24,16
26,7
17,8
21,7
17,9
13,7
6,13
21,13
27,8
28,5
17,11
30,6
27,9
15,11
13,7
6,3
23,1
14,11
21,3
19,14
22,7
28,15
19,10
18,7
26,14
21,6
25,10
23,8
19,13
21,14
23,5
13,11
14,16
11,3
14,9
20,6
13,13
23,16
19,13
18,15
24,3
26,3
25,14
14,3
17,11
14,9
23,9
10,6
18,6
20,6
15,6
17,7
23,2
22,12
20,12
19,2
12,12
13,15
24,9
21,5
23,5
26,16
22,6
14,14
22,14
21,13
19,2
18,3
16,14
28,4
17,12
20,6
14,12
18,6
15,16
13,3
17,5
12,10
15,6
14,11
27,14
27,13
17,2
22,9
17,1
29,3
15,3
25,6
19,12
25,13
12,12
15,11
24,8
23,9
18,5
9,7
19,11
12,1
16,6
28,5
30,9
12,5
11,15
17,8
19,9
22,2
24,9
17,12
13,2
21,15
22,1
17,13
25,12
20,8
27,9
22,12
15,6
16,4
21,10
22,7
25,1
23,7
25,13
17,7
23,9
13,13
27,3
13,4
25,6
28,6
19,9
30,15
24,15
17,14
6,7
17,11
8,16
7,15
20,2
17,10
26,12
20,3
17,1
29,5
21,8
15,7
26,1
25,11
25,9
22,11
20,11
24,16
26,13
12,11
20,9
29,3
24,14
26,15
13,6
21,6
20,13
13,9
26,3
13,13
24,9
22,16
15,4
10,3
14,2
28,15
18,2
18,10
16,16
26,9
14,6
16,7
28,2
16,15
21,13
18,3
8,16
25,11
13,11
24,15
13,9
15,8
30,5
26,14
15,4
18,6
24,6
15,3
24,12
24,12
18,12
27,15
23,11
19,8
10,5
9,6
21,8
24,11
18,6
26,10
21,16
26,12
19,14
16,11
19,12
17,7
12,14
16,1
22,1
20,4
21,4
17,10
20,1
20,14
25,4
6,4
17,9
17,11
19,2
22,10
16,11
20,6
21,9
14,3
21,3
19,16
20,2
22,10
13,8
15,16
24,9
18,9
21,5
23,16
16,4
17,4
24,3
18,8
25,3
21,11
25,12
15,16
17,6
21,13
23,2
24,4
18,3
18,11
20,16
22,15
19,10
17,8
10,15
16,12
29,13
20,1
16,5
19,10
26,11
23,8
27,4
29,8
27,6
11,16
24,9
9,13
9,6
10,13
12,13
19,10
15,13
7,16
23,14
17,10
28,10
15,4
10,3
14,16
26,2
19,11
22,6
27,3
24,7
23,13
20,7
20,12
7,10
21,16
13,7
17,1
23,15
21,6
17,12
23,11
18,16
24,8
26,16
14,16
26,3
25,2
28,7
19,1
14,10
26,4
12,5
12,16
16,9
25,5
18,15
20,4
26,12
15,15
26,10
17,15
14,14
25,1
20,9
13,12
21,11
23,6
23,5
21,14
21,5
20,16
13,15
10,5
17,5
13,9
26,4
23,3
18,16
24,12
20,4
5,1
12,9
21,10
16,15
24,6
20,4
23,12
25,9
16,5
20,9
15,10
26,13
12,13
28,1
12,14
11,12
22,2
12,12
18,12
15,10
24,12
17,12
25,3
29,2
15,5
10,3
13,3
21,1
29,16
30,6
21,2
20,10
17,16
17,8
12,15
19,8
14,14
22,15
18,14
25,15
25,14
26,8
20,8
26,9
17,4
17,15
13,13
24,13
16,13
19,12
6,11
22,5
20,2
19,8
13,4
13,15
28,12
24,10
10,7
14,1
22,1
19,12
31,9
19,14
21,5
16,5
18,8
19,5
19,16
28,1
23,8
17,13
26,7
11,16
16,8
13,13
19,10
9,13
24,4
17,15
24,5
13,5
14,13
10,5
22,4
17,5
24,10
19,13
21,1
17,14
23,6
16,9
18,12
18,3
22,1
27,8
15,11
26,14
23,10
18,6
18,15
20,9
24,5
13,6
24,10
25,10
22,6
21,1
18,15
16,6
15,16
25,16
20,12
17,1
20,5
23,9
11,2
18,10
16,6
18,15
6,16
27,9
13,5
22,1
20,7
25,15
15,1
18,10
24,16
13,10
24,1
25,15
20,7
17,16
15,16
19,11
24,2
17,9
20,10
21,6
22,8
24,6
16,7
21,1
23,3
17,14
27,10
28,6
27,2
20,16
15,14
16,1
23,12
17,10
29,8
13,8
18,3
22,12
14,2
24,5
14,16
14,2
11,12
20,9
29,15
13,14
18,15
23,2
23,1
17,1
27,7
22,11
20,13
14,1
22,7
17,12
26,11
17,3
20,3
19,12
18,9
12,10
17,12
19,5
8,7
19,8
12,6
27,14
23,10
27,3
26,11
26,2
10,2
20,15
23,5
13,1
23,5
22,4
20,10
19,12
25,11
23,12
11,1
21,6
28,8
18,10
22,12
12,9
28,8
24,4
16,5
16,3
12,12
25,13
8,12
10,11
27,14
22,11
29,2
17,4
22,9
24,6
30,2
11,11
12,16
21,6
14,2
16,12
14,10
22,7
15,8
21,6
15,14
28,14
13,5
8,14
16,7
27,4
23,13
27,13
14,16
20,10
21,5
16,14
16,4
18,4
22,10
18,16
20,15
15,11
17,12
17,10
19,13
28,9
18,12
17,2
26,14
15,1
22,1
19,16
15,6
18,1
21,7
26,5
12,11
17,7
16,1
14,4
10,15
22,12
23,10
22,14
27,1
10,9
12,16
12,5
26,5
21,13
25,14
15,3
12,11
25,16
24,9
14,15
15,14
14,1
28,2
23,5
18,4
16,15
29,16
20,9
8,10
10,14
27,11
20,9
20,2
26,14
31,3
28,15
25,14
31,1
14,8
14,4
20,14
11,4
15,2
20,6
18,11
17,3
20,13
18,4
21,2
25,3
25,6
21,13
14,13
16,16
25,6
17,5
19,13
18,14
20,4
26,6
10,10
18,2
20,5
23,5
24,4
22,2
23,15
26,16
21,10
16,3
26,4
23,11
15,9
14,11
18,8
22,11
26,11
19,4
19,8
16,7
29,4
20,6
15,1
15,16
26,9
23,1
18,1
15,7
23,11
26,8
20,12
15,3
23,5
18,3
23,7
26,5
21,7
14,6
19,6
15,1
26,7
22,13
15,10
16,6
18,16
23,11
23,12
15,8
10,8
17,9
10,13
20,4
19,15
19,8
16,3
15,5
14,2
21,9
17,1
14,15
19,2
30,2
22,2
23,15
20,2
15,13
17,3
15,2
25,14
24,4
21,8
21,16
22,8
14,6
24,2
28,2
22,9
22,2
19,10
22,2
27,15
19,6
13,15
25,15
29,14
23,7
23,4
28,9
12,2
16,15
20,2
19,11
25,8
18,8
28,6
24,15
20,5
22,13
14,13
15,9
13,3
16,2
14,15
27,6
24,2
15,7
27,1
10,7
22,14
14,6
24,14
12,9
19,6
25,6
23,2
16,10
17,12
22,4
27,15
27,2
17,1
18,4
21,5
26,4
21,14
22,7
11,1
9,13
24,14
21,3
16,14
16,7
27,5
23,10
18,1
16,11
16,5
29,6
26,12
20,15
20,16
18,9
12,9
18,4
25,14
10,9
26,1
26,9
11,11
18,3
19,9
22,8
18,9
26,9
15,13
20,10
23,7
19,13
22,8
19,5
9,12
14,15
17,15
12,6
17,3
29,16
27,11
26,8
23,7
23,4
17,7
20,4
23,10
10,11
24,3
13,4
27,1
14,10
24,15
21,4
20,9
22,14
11,1
22,4
25,9
13,1
11,13
24,6
18,16
17,16
11,9
30,4
21,13
15,13
19,11
22,12
26,10
23,13
27,3
18,14
26,13
25,2
24,5
20,15
15,3
17,5
23,13
17,2
21,13
16,3
17,14
16,10
16,13
21,3
17,9
30,16
23,7
22,11
18,14
22,15
23,8
13,12
22,9
9,3
20,15
29,8
11,2
13,5
22,3
17,7
24,4
24,9
12,11
25,16
23,4
26,8
6,8
21,11
14,6
17,16
18,3
21,14
26,16
13,15
11,10
21,5
16,5
11,4
21,8
21,5
16,11
23,9
20,1
16,16
23,2
24,9
22,6
12,1
13,12
18,15
10,1
11,13
16,2
24,5
25,10
16,11
12,11
15,3
8,4
13,2
18,10
24,8
17,14
14,4
27,1
18,11
21,14
29,6
27,5
11,12
18,11
22,8
18,7
19,2
15,2
23,9
30,7
27,2
15,3
28,6
5,9
22,16
19,12
14,10
20,5
18,15
19,13
18,4
20,14
23,1
21,2
16,2
22,3
25,3
19,2
13,16
21,9
17,12
12,12
22,1
17,11
24,8
21,7
16,16
24,12
29,9
11,5
16,5
6,14
13,7
19,9
29,12
22,2
18,5
17,11
8,7
26,13
13,2
19,2
15,12
18,6
9,14
21,10
21,8
11,5
19,8
11,12
19,10
24,1
19,5
23,16
23,10
12,6
14,16
17,9
24,16
12,1
22,4
11,10
20,11
22,11
16,10
22,3
25,6
17,2
10,10
11,13
20,14
23,14
20,11
24,14
22,5
18,15
20,9
27,5
21,4
25,16
17,5
15,15
18,10
17,14
22,11
16,12
13,10
12,15
20,1
10,14
20,13
20,10
25,15
6,8
18,12
11,15
13,1
17,1
23,5
26,7
16,6
29,8
22,16
23,11
18,5
21,5
17,8
21,9
21,5
22,4
26,12
25,3
26,1
22,1
22,2
22,12
30,5
17,1
16,9
30,6
18,13
25,6
8,3
27,6
15,9
20,2
8,5
22,9
22,9
26,15
20,16
18,2
15,11
16,15
18,13
18,13
20,9
13,7
19,10
15,1
27,11
25,6
19,11
26,16
26,3
23,5
11,16
20,12
13,14
20,16
18,13
18,5
16,14
21,7
20,11
18,1
24,1
9,5
24,6
21,8
21,12
19,10
23,9
21,4
22,9
17,8
22,12
13,9
21,14
23,11
19,4
18,12
20,8
19,1
13,2
22,8
14,10
16,13
18,5
28,13
21,11
21,8
24,1
19,11
23,14
17,11
23,14
18,8
21,8
29,11
10,4
27,2
27,3
17,16
15,7
13,3
25,12
22,3
29,8
14,4
21,5
16,3
26,11
18,4
26,3
28,3
19,10
24,14
16,9
21,13
16,13
23,6
24,9
16,14
17,14
9,8
16,4
14,15
22,3
19,5
11,6
19,8
13,13
20,9
23,6
22,7
17,5
31,2
17,16
15,3
29,7
12,11
27,10
14,11
19,8
20,6
18,16
27,7
23,14
24,11
27,7
6,12
21,9
19,3
21,1
14,3
13,5
14,2
23,7
23,13
27,10
20,2
17,15
15,9
17,8
17,5
12,15
8,7
23,10
11,13
23,12
18,13
15,11
18,1
16,11
18,15
11,3
15,16
20,3
23,15
14,12
19,9
28,3
19,11
17,7
14,9
25,12
18,14
18,2
15,16
27,3
14,10
23,2
15,6
22,3
28,16
16,9
19,9
15,4
24,6
24,11
24,13
30,3
23,9
18,7
14,12
21,12
14,3
22,9
22,1
27,15
18,4
21,5
23,3
23,14
26,10
15,13
25,3
23,12
18,7
16,8
24,12
14,12
15,3
14,13
14,12
12,3
26,16
24,5
20,11
24,16
22,13
16,14
20,9
9,1
20,11
14,10
14,4
24,12
13,13
20,16
11,5
21,16
27,8
18,4
12,7
21,1
25,13
18,7
21,10
15,13
27,9
30,9
18,14
14,9
17,1
19,2
20,13
10,12
10,2
7,15
20,5
15,10
17,9
7,5
26,15
23,3
24,13
19,9
20,16
22,16
21,15
28,14
25,9
14,7
20,3
20,7
14,5
22,14
25,10
6,15
20,7
11,7
27,13
20,12
21,4
26,16
20,5
13,8
22,6
25,3
12,15
16,15
23,5
19,6
16,5
15,15
18,1
27,14
27,11
20,15
15,16
26,15
9,3
19,16
26,14
23,14
22,15
18,10
21,10
20,6
12,15
14,7
8,3
30,1
17,1
25,7
21,6
20,2
21,11
17,14
27,12
13,7
26,12
21,12
18,5
9,2
15,1
19,15
14,15
22,2
25,3
26,14
16,15
28,1
13,8
27,5
13,2
21,1
24,12
25,14
22,14
8,14
19,1
29,1
11,14
28,6
27,15
24,6
23,16
17,3
21,5
14,7
17,7
26,7
19,13
16,16
28,14
17,6
22,6
20,5
13,15
13,4
23,3
29,8
20,4
16,7
27,13
20,9
24,15
19,10
12,12
25,4
25,2
25,7
16,11
9,2
15,9
10,11
21,2
16,9
16,9
11,6
22,14
26,13
12,5
21,10
17,2
22,14
20,11
25,3
25,7
17,5
18,1
27,16
20,14
9,1
11,13
20,11
17,5
22,5
5,12
10,11
18,15
24,4
23,6
17,3
19,6
17,10
22,4
23,4
8,6
15,9
28,5
18,13
17,12
29,13
30,8
23,3
13,15
16,11
22,13
20,9
20,6
16,7
23,9
17,8
22,11
7,7
26,16
22,12
5,13
18,13
12,14
10,3
18,1
19,14
26,7
25,10
23,4
26,11
22,6
18,2
22,11
22,1
21,13
11,11
14,11
17,8
19,11
27,11
13,10
20,14
17,11
12,1
14,11
19,14
21,2
17,11
6,4
28,2
25,16
26,7
21,16
21,12
21,13
23,11
17,1
23,13
13,15
28,9
28,16
11,11
15,3
16,15
19,13
10,7
18,11
12,16
24,3
24,16
18,7
25,15
8,8
16,14
20,10
27,13
22,1
14,7
26,10
20,7
17,15
26,16
13,12
17,14
22,2
12,8
25,1
30,15
18,4
19,3
12,7
24,15
25,4
26,10
26,11
26,4
19,9
28,11
30,16
21,6
24,5
28,8
29,6
29,7
24,11
27,7
20,10
15,7
32,2
26,10
21,5
31,6
27,8
10,4
22,4
29,4
17,15
24,5
25,5
24,15
28,12
32,13
23,15
27,11
27,3
23,2
25,10
22,9
27,5
27,8
22,7
29,13
18,14
18,15
32,9
31,10
23,8
25,9
22,12
27,2
17,1
23,13
31,6
16,7
26,16
28,7
15,14
28,13
26,15
29,8
23,5
27,7
27,16
25,3
25,15
25,6
20,7
22,7
13,5
32,7
26,14
31,12
17,10
19,6
32,5
25,13
23,12
21,15
26,10
28,3
25,7
15,14
27,3
20,12
18,13
27,15
27,7
25,2
27,1
31,14
26,13
29,16
18,10
27,3
27,10
20,16
28,8
25,9
25,9
31,4
31,14
28,2
27,13
26,9
27,9
20,14
18,12
15,4
32,8
27,5
19,16
27,1
25,4
28,16
30,4
24,11
17,13
32,1
27,4
27,6
31,6
28,1
22,16
18,12
18,10
25,9
24,6
23,7
21,7
31,8
25,15
14,12
15,5
21,16
24,5
30,4
17,9
30,7
25,14
24,2
26,2
20,10
30,1
29,7
20,12
16,13
24,2
29,1
23,1
21,11
31,1
27,4
19,5
26,14
19,3
28,7
19,9
20,8
29,8
25,15
24,11
23,11
16,14
22,11
28,4
29,1
24,16
15,12
29,2
22,10
15,4
17,16
27,14
30,3
18,1
30,12
26,9
22,4
23,3
19,16
28,3
32,16
20,3
26,11
23,15
27,15
21,15
26,3
25,12
21,15
25,1
19,5
30,1
24,12
18,13
25,7
23,7
24,5
22,10
23,10
21,4
22,5
25,16
25,7
20,7
26,1
27,15
22,12
19,6
27,4
32,2
27,6
28,12
31,14
25,12
26,1
24,16
20,13
18,7
27,3
29,12
31,11
29,13
22,9
26,7
24,5
30,15
20,13
28,16
21,4
22,11
27,2
30,12
25,9
19,11
28,12
28,1
26,7
27,4
22,15
30,1
22,3
17,10
18,4
22,6
27,6
23,12
30,10
18,1
22,7
22,7
28,12
27,16
23,8
23,12
26,12
26,11
24,3
21,1
19,12
20,11
20,12
22,4
32,13
24,15
21,8
31,13
20,12
25,1
30,14
21,6
28,5
19,8
14,9
27,1
26,4
24,7
30,4
16,10
25,8
26,1
22,11
25,15
28,1
29,9
20,11
18,12
28,5
28,15
29,5
28,7
28,13
28,2
26,11
26,2
13,16
23,9
21,4
26,8
26,4
21,5
29,8
21,15
23,15
26,10
25,14
24,16
26,12
23,1
22,12
21,16
32,4
31,13
25,14
19,15
26,4
18,14
19,2
22,7
32,10
25,12
28,9
17,4
20,5
25,10
26,9
23,1
30,7
14,2
26,15
23,8
21,6
30,16
29,12
14,14
28,3
26,3
24,3
20,13
31,5
29,16
26,11
16,7
21,7
27,14
26,7
22,13
27,14
23,10
29,1
23,10
27,8
22,4
25,4
28,9
27,12
17,13
25,4
27,11
26,1
29,6
18,15
21,9
21,14
20,3
20,8
31,13
18,15
23,10
24,15
28,5
20,6
21,12
21,8
24,9
19,1
15,13
31,10
29,1
26,11
10,14
25,16
25,13
21,10
17,6
25,11
31,13
25,9
31,10
25,1
26,2
30,13
18,8
28,14
30,10
28,2
18,14
23,12
22,1
31,6
31,4
28,5
20,11
28,9
23,4
26,9
26,3
28,4
19,16
13,3
32,10
32,7
24,3
22,2
19,6
19,2
23,2
25,16
21,15
27,4
27,13
18,4
28,13
24,7
14,11
13,14
29,7
27,15
22,8
22,8
23,1
20,5
22,7
27,14
24,13
27,9
16,15
32,6
14,8
23,8
13,8
23,12
26,11
27,10
25,7
27,2
9,7
19,10
18,11
27,6
30,12
30,2
19,16
22,14
28,7
25,11
27,16
18,6
18,16
10,6
29,14
22,16
25,9
28,8
25,6
23,13
14,11
23,8
28,1
21,4
29,14
26,2
30,8
23,13
26,13
23,6
24,16
19,15
18,10
19,15
28,12
24,9
28,14
21,2
12,8
20,7
24,16
25,7
11,3
32,6
25,6
32,12
29,7
21,14
24,10
21,14
30,5
30,1
11,14
16,16
23,9
21,10
21,16
22,12
24,15
20,7
30,15
25,10
21,8
32,9
25,15
17,13
21,8
21,2
31,11
25,16
29,12
18,14
21,14
32,4
24,15
30,12
32,4
27,1
24,5
28,10
18,5
28,9
26,10
30,11
17,1
19,8
32,1
23,15
27,2
27,11
22,14
30,4
21,10
21,8
27,3
24,10
18,6
29,12
25,10
22,1
25,12
19,9
31,8
27,14
25,8
22,14
31,16
25,16
25,7
17,2
26,11
25,7
23,11
26,9
32,16
27,16
32,7
18,8
23,7
24,9
22,7
8,13
29,13
29,8
31,5
28,11
31,6
31,9
17,11
18,7
8,3
27,1
16,11
26,3
20,14
23,7
29,15
28,10
20,7
29,14
26,6
28,10
24,8
21,13
22,14
24,5
16,11
16,16
20,3
19,9
22,6
21,13
28,16
22,13
26,15
26,3
29,3
30,14
19,3
20,11
19,9
26,9
28,6
30,6
25,6
22,6
20,7
29,2
25,12
23,12
22,2
13,12
19,15
27,9
23,5
26,5
28,16
27,6
21,14
30,14
22,13
28,2
22,3
21,14
30,4
27,12
24,6
23,12
26,6
17,16
15,3
23,5
17,10
24,6
15,11
28,14
29,13
26,2
26,9
19,1
30,3
21,3
26,6
23,12
26,13
21,12
22,11
25,8
27,9
30,5
15,7
26,11
16,1
20,6
29,5
31,9
14,5
13,15
19,8
22,9
28,2
27,9
32,12
16,2
25,15
26,1
22,13
31,12
27,8
28,9
28,12
24,6
28,4
27,10
28,7
26,1
24,7
26,13
21,7
24,9
29,13
28,3
27,4
30,6
29,6
20,9
31,15
28,15
19,14
13,7
21,11
11,16
13,15
21,2
21,10
28,12
22,3
21,1
30,5
26,8
23,7
29,1
27,11
28,9
28,11
23,11
28,16
27,13
15,11
24,9
31,3
26,14
27,15
18,6
27,6
22,13
22,9
29,3
19,13
25,9
23,16
17,4
19,3
32,2
29,15
20,2
25,10
21,16
29,9
19,6
29,7
29,2
23,15
24,13
28,3
19,16
29,11
14,11
27,15
14,9
22,8
31,5
28,14
26,4
22,6
25,6
16,3
30,12
28,12
26,12
29,15
29,11
28,8
17,5
13,6
22,8
31,11
20,6
32,10
26,16
29,12
27,14
23,11
24,12
20,7
14,14
17,1
26,1
25,4
27,4
26,10
24,1
30,14
27,4
20,4
30,9
19,11
20,2
24,10
32,11
23,6
27,9
22,3
26,3
24,16
24,2
25,10
22,8
19,16
28,9
19,9
24,5
32,16
17,4
22,4
27,3
21,8
26,3
28,11
30,12
24,16
25,6
25,13
24,2
26,4
22,3
23,11
22,16
26,15
25,10
22,8
21,15
28,12
30,13
23,1
20,5
25,10
27,11
24,8
28,4
32,8
31,6
21,16
29,9
10,13
15,6
20,13
21,13
31,10
22,13
23,16
25,14
18,10
32,10
26,4
16,3
15,16
29,2
24,11
27,6
30,3
28,7
30,13
22,7
25,12
30,10
25,16
25,7
21,1
25,15
23,6
19,12
27,11
23,16
27,8
31,16
19,16
27,3
32,2
30,7
28,1
20,10
28,4
17,5
17,16
30,9
32,5
23,15
25,4
28,12
16,15
29,10
22,15
24,14
27,1
25,9
15,12
27,11
29,6
31,5
26,14
22,5
21,16
14,15
23,5
18,5
23,9
31,4
28,3
21,16
29,12
21,4
18,1
17,9
24,10
18,15
28,6
25,4
25,12
31,9
24,5
22,9
26,10
32,13
31,13
29,1
17,14
18,12
28,2
21,12
24,12
19,10
25,12
30,12
27,3
30,2
18,5
29,3
19,3
27,1
31,16
32,6
26,2
23,10
29,16
22,8
22,15
27,8
15,14
28,15
27,14
26,15
27,14
29,8
26,8
27,9
25,4
19,15
30,13
26,13
24,13
23,12
17,11
24,5
27,2
24,8
19,4
14,15
29,12
25,10
20,7
16,1
25,1
21,12
32,9
26,14
22,5
17,5
25,8
24,5
32,16
30,1
26,8
22,13
27,7
23,16
21,8
15,13
21,10
15,13
25,4
24,15
26,5
16,5
20,13
13,5
23,4
28,5
26,10
30,13
25,1
19,14
29,6
25,9
23,12
24,3
25,1
28,8
19,11
30,14
26,10
23,6
26,15
26,9
26,5
19,6
26,10
26,10
27,6
26,1
24,15
19,6
21,16
28,16
24,12
25,1
27,5
28,9
12,2
29,10
25,6
25,15
10,16
30,9
15,5
24,1
22,7
29,15
17,1
20,10
29,16
17,10
26,1
29,15
23,7
22,16
26,16
21,11
27,2
20,9
22,10
25,6
23,8
27,6
29,7
24,1
24,3
25,14
31,10
32,6
28,2
22,16
25,14
23,1
27,12
25,10
30,8
24,8
20,3
23,12
27,2
26,5
16,16
18,2
17,12
21,9
31,15
15,14
19,15
27,2
30,1
20,1
31,7
24,11
23,13
21,1
31,7
30,12
30,11
23,3
31,3
22,12
22,9
18,10
19,12
25,5
13,7
20,8
14,6
28,14
27,10
28,3
28,11
27,2
23,2
21,15
27,5
20,1
27,5
28,4
31,10
25,12
30,11
25,12
13,1
24,6
29,8
19,10
25,12
25,9
29,8
25,4
25,5
17,3
16,12
26,13
19,12
13,11
29,14
24,11
31,2
19,4
24,9
26,6
32,2
12,11
30,16
23,6
26,2
18,12
25,10
24,7
22,8
24,6
18,14
30,14
14,5
17,14
23,7
28,4
30,13
29,13
18,16
21,10
27,5
25,14
19,4
22,4
29,10
22,16
22,15
26,11
18,12
23,10
20,13
29,9
22,12
27,2
32,14
17,1
30,1
30,16
28,6
20,1
23,7
32,5
13,11
24,7
26,1
15,4
19,15
26,12
28,10
25,14
29,1
25,9
16,16
15,5
27,5
26,13
27,14
19,3
31,11
28,16
30,9
15,15
19,14
25,1
32,2
28,5
20,4
27,15
30,16
23,9
14,10
19,14
30,11
25,9
23,2
28,14
32,3
31,15
26,14
32,1
18,8
25,4
23,14
19,4
16,2
28,6
23,11
20,3
32,13
24,4
27,2
29,3
32,6
30,13
15,13
28,16
28,6
20,5
23,13
22,14
21,4
31,6
21,10
21,2
25,5
28,5
31,4
30,2
28,15
30,16
23,10
19,3
32,4
27,11
23,9
17,11
29,8
24,11
31,11
22,4
21,8
21,7
30,4
30,6
17,1
21,16
29,9
30,1
26,1
18,7
27,11
28,8
26,12
21,3
28,5
20,3
32,7
29,5
22,7
29,6
27,6
30,1
28,7
23,13
23,10
27,6
20,16
26,11
30,12
24,8
11,8
24,9
19,13
26,4
27,15
25,8
20,3
17,5
15,2
26,9
18,1
18,15
20,2
31,2
32,2
25,15
26,2
17,13
28,3
25,2
29,14
30,4
22,8
24,16
26,8
17,6
29,2
29,2
26,9
26,2
31,10
26,2
29,15
26,6
17,15
29,15
30,14
25,7
25,4
29,9
18,2
19,15
28,2
24,11
27,8
22,8
30,6
25,15
27,5
27,13
20,13
26,9
21,3
25,2
19,15
31,6
26,2
24,7
31,1
14,7
24,14
17,6
25,14
17,9
22,6
31,6
29,2
21,10
23,12
27,4
29,15
28,2
24,1
22,4
25,5
28,4
27,14
23,7
15,1
16,13
27,14
28,3
23,14
26,7
28,5
31,10
19,1
22,11
17,5
30,6
27,12
24,15
29,16
29,9
21,9
25,4
29,14
20,9
30,1
30,9
13,11
22,3
20,9
28,8
22,9
27,9
18,13
26,10
27,7
26,13
29,8
30,5
12,12
16,15
24,15
26,6
30,3
31,16
29,11
28,8
25,7
26,4
20,7
21,4
29,10
13,11
26,3
19,4
30,1
20,10
28,15
29,4
26,9
27,14
12,1
23,4
27,9
22,1
15,13
28,6
23,16
18,16
21,9
31,4
23,13
21,13
20,11
29,12
29,10
24,13
29,3
19,14
28,13
26,2
28,5
26,15
28,3
27,5
26,13
20,2
29,13
29,3
21,14
22,10
20,13
30,3
21,9
31,16
26,7
23,11
22,14
24,15
27,8
17,12
25,9
14,3
25,15
30,8
23,2
19,5
28,3
23,7
26,4
26,9
25,11
28,16
24,4
27,8
17,8
22,11
16,6
19,16
20,3
25,14
31,16
18,15
13,10
22,5
22,5
27,4
22,8
27,5
24,11
26,9
27,1
19,16
28,2
26,9
27,6
18,1
25,12
25,15
26,1
17,13
20,2
27,5
26,10
25,11
13,11
24,3
13,4
20,2
24,10
25,8
23,14
20,4
30,1
20,11
22,14
30,6
31,5
19,12
26,11
30,8
29,7
24,2
19,2
24,9
31,7
30,2
19,3
29,6
8,9
27,16
29,12
20,10
21,5
25,15
24,13
19,4
21,14
25,1
28,2
20,2
30,3
27,3
28,2
14,16
30,9
18,12
14,12
23,1
21,11
32,8
25,7
21,16
26,12
30,9
20,5
19,5
7,14
25,7
20,9
31,12
28,2
23,5
18,11
26,7
27,13
18,2
31,2
17,12
23,6
19,14
28,10
24,8
14,5
32,8
26,12
24,10
27,1
21,5
31,16
30,10
29,6
23,16
18,9
30,16
19,1
27,4
19,10
29,11
24,11
26,10
23,3
27,6
32,2
18,10
25,13
28,14
29,14
21,11
25,14
26,5
22,15
24,9
29,5
26,4
28,16
30,5
25,15
19,10
22,14
26,11
24,12
25,10
22,15
21,1
20,14
30,13
30,10
27,15
16,8
25,12
15,15
23,1
27,1
28,5
28,7
22,6
31,8
26,16
25,11
19,5
23,5
18,8
27,9
22,5
23,4
28,12
29,3
30,1
26,1
30,2
27,12
31,5
19,1
24,9
32,6
31,13
28,6
22,3
31,6
24,9
27,2
10,5
23,9
32,9
28,15
27,16
28,2
31,11
17,15
27,13
23,13
24,9
17,7
28,10
20,1
28,11
28,6
20,11
27,16
30,3
24,5
18,16
26,12
18,14
21,16
24,13
19,5
20,14
22,7
23,11
19,1
25,1
12,5
26,6
24,8
25,12
26,10
28,9
22,4
26,9
20,8
31,12
19,9
29,14
25,11
25,4
27,12
21,8
29,1
20,2
29,8
30,10
17,13
30,5
29,13
24,11
23,8
26,1
25,11
30,14
27,11
24,14
21,8
23,8
31,11
28,4
28,2
30,3
27,16
25,7
17,3
29,12
28,3
31,8
20,4
30,5
23,3
28,11
21,4
28,3
31,3
22,10
25,14
17,9
27,13
17,13
27,6
26,9
31,14
20,14
14,8
17,4
16,15
29,3
24,5
21,6
23,8
16,13
21,9
26,6
26,7
24,5
32,2
23,16
29,3
32,7
16,11
31,10
27,11
27,8
26,6
28,16
32,7
26,14
26,11
28,7
16,12
26,9
21,3
26,1
21,3
19,5
18,2
25,7
24,13
28,10
24,2
20,15
19,9
20,8
22,5
16,15
12,7
32,10
20,13
25,12
25,13
21,11
26,1
18,11
27,15
12,3
20,16
27,3
29,15
23,12
25,9
31,3
31,11
18,7
30,9
31,12
30,14
20,2
26,16
28,3
15,10
30,2
21,6
26,3
29,16
19,9
24,9
17,4
29,6
25,11
26,13
32,3
30,9
23,7
24,12
22,12
16,3
24,9
31,1
28,15
26,4
28,5
27,3
25,14
28,10
26,13
29,3
26,12
20,7
23,8
27,12
20,12
19,3
16,13
19,12
26,3
27,16
25,5
26,11
32,16
25,13
18,14
26,9
18,1
24,11
16,10
16,4
31,12
25,13
21,16
25,5
22,16
30,8
22,4
20,7
23,1
31,13
24,7
25,10
30,13
29,9
32,9
21,14
27,9
30,1
20,2
26,13
25,12
16,2
8,15
22,5
18,10
18,9
8,5
27,15
24,3
30,13
21,9
27,16
24,16
26,15
29,14
28,9
19,7
25,3
23,7
22,5
27,14
26,10
21,15
25,7
13,7
31,13
21,12
32,4
30,16
25,5
19,8
23,6
27,3
16,15
17,15
30,5
20,6
22,5
22,15
25,1
29,14
32,11
23,15
21,16
28,15
22,3
22,16
28,14
27,14
24,15
30,10
27,10
25,6
30,15
24,7
14,3
31,1
21,1
31,7
26,6
26,2
22,11
30,14
28,12
18,7
28,12
23,12
24,5
16,2
28,1
25,15
24,15
26,2
26,3
29,14
20,15
30,1
24,8
32,5
28,2
30,1
32,12
28,14
24,14
25,14
25,1
30,1
21,14
30,6
29,15
27,6
24,16
19,3
24,5
16,7
25,7
27,7
26,13
23,16
30,14
21,6
30,6
22,5
24,15
16,4
24,3
32,8
27,4
27,7
28,13
23,9
27,15
23,10
27,12
28,4
29,2
29,7
27,11
24,2
17,9
15,11
25,2
25,9
17,9
27,6
23,14
27,13
31,5
22,10
18,2
25,14
21,11
26,3
28,7
20,5
26,1
30,16
27,14
19,1
15,13
21,11
26,5
24,5
10,12
18,11
28,15
29,4
25,6
19,3
20,6
26,10
28,4
24,4
28,6
25,9
30,5
22,13
20,12
30,13
31,8
28,3
14,15
22,11
32,13
25,9
23,6
17,7
25,9
26,8
30,11
10,7
27,16
24,12
24,13
26,13
19,14
17,3
26,1
30,14
29,7
28,10
26,4
29,11
24,6
20,2
31,11
27,1
23,13
19,11
15,11
18,8
26,11
32,11
27,10
24,14
30,11
15,1
21,11
20,14
28,2
21,11
18,4
32,2
30,16
28,7
28,16
31,12
28,13
30,11
24,1
24,13
24,15
30,9
32,16
17,11
17,3
32,15
20,13
15,7
24,11
14,16
27,3
25,16
26,7
27,15
10,8
23,14
27,10
29,13
28,1
23,7
29,10
28,7
27,15
29,16
14,12
22,14
26,2
14,8
26,1
31,15
29,4
26,3
21,7
28,15
31,4
31,10
27,11
31,4
25,9
32,11
31,16
28,6
31,5
33,8
31,6
31,7
25,11
29,7
29,10
19,7
33,2
32,10
25,5
32,6
31,8
23,4
27,4
33,4
24,15
27,5
30,5
27,15
32,12
33,13
30,15
31,11
29,3
30,2
30,10
30,9
30,5
30,8
32,7
31,13
22,14
32,15
33,9
33,10
25,8
31,9
23,12
29,2
32,1
31,13
33,6
24,7
29,16
30,7
29,14
29,13
33,15
33,8
30,5
30,7
32,16
32,3
26,15
29,6
22,7
33,7
21,5
33,7
30,14
32,12
23,10
20,6
33,5
33,13
30,12
24,15
32,10
30,3
30,7
32,14
29,3
33,12
33,13
33,15
28,7
27,2
28,1
33,14
27,13
31,16
19,10
30,3
32,10
27,16
29,8
28,9
28,9
32,4
33,14
33,2
31,13
27,9
29,9
26,14
25,12
32,4
33,8
33,5
26,16
32,1
30,4
31,16
31,4
27,11
30,13
33,1
29,4
33,6
32,6
31,1
24,16
32,12
31,10
27,9
29,6
28,7
26,7
32,8
33,15
21,12
32,5
25,16
26,5
31,4
20,9
32,7
32,14
28,2
29,2
29,10
32,1
32,7
25,12
20,13
25,2
32,1
29,1
27,11
32,1
31,4
20,5
27,14
26,3
32,7
21,9
32,8
32,8
28,15
32,11
26,11
18,14
26,11
32,4
31,1
28,16
33,12
30,2
27,10
30,4
22,16
30,14
32,3
30,1
33,12
31,9
24,4
26,3
27,16
29,3
33,16
22,3
29,11
28,15
29,15
27,15
33,3
29,12
27,15
29,1
31,5
33,1
30,12
31,13
29,7
30,7
26,5
24,10
30,10
25,4
30,5
26,16
26,7
27,7
31,1
32,15
29,12
25,6
32,4
33,2
29,6
31,12
33,14
33,12
28,1
30,16
22,13
25,7
29,3
32,12
32,11
31,13
33,9
27,7
30,5
32,15
24,13
32,16
32,4
25,11
28,2
31,12
27,9
24,11
31,12
29,1
32,7
31,4
24,15
33,1
26,3
22,10
27,4
28,6
33,6
29,12
33,10
27,1
28,7
25,7
29,12
29,16
31,8
31,12
32,12
28,11
32,3
26,1
27,12
27,11
30,12
23,4
33,13
27,15
25,8
32,13
26,12
26,1
32,14
23,6
29,5
21,8
22,9
33,1
27,4
31,7
31,4
17,10
31,8
27,1
31,11
33,15
29,1
31,9
28,11
22,12
29,5
29,15
32,5
30,7
31,13
30,2
32,11
29,2
27,16
27,9
32,4
29,8
27,4
31,5
31,8
29,15
30,15
27,10
31,14
28,16
29,12
27,1
32,12
26,16
33,4
32,13
32,14
20,15
32,4
20,14
28,2
26,7
33,10
26,12
32,9
31,4
23,5
27,10
27,9
31,1
31,7
16,2
27,15
32,8
25,6
32,16
30,12
33,14
31,3
33,3
33,3
27,13
32,5
32,16
32,11
26,7
28,7
28,14
29,7
33,13
32,14
24,10
30,1
25,10
28,8
23,4
26,4
29,9
33,12
31,13
33,4
30,11
29,1
31,6
20,15
31,9
25,14
22,3
33,8
33,13
32,15
24,10
31,15
32,5
23,6
25,12
27,8
32,9
33,1
16,13
32,10
32,1
29,11
27,14
26,16
28,13
24,10
33,6
29,11
33,13
29,9
32,10
33,1
28,2
31,13
33,8
32,14
33,10
32,2
24,14
27,12
27,1
32,6
33,4
33,5
29,11
30,9
28,4
29,9
30,3
29,4
29,16
32,3
33,10
33,7
30,3
28,2
30,6
28,2
28,2
27,16
25,15
32,4
28,13
33,4
31,13
32,7
16,11
32,14
31,7
32,15
24,8
31,8
29,1
29,5
26,7
29,14
32,13
30,9
29,15
33,6
30,8
29,8
25,8
33,12
29,11
29,10
30,7
28,2
17,7
22,10
33,11
29,6
31,12
33,2
32,16
25,14
29,7
30,11
29,16
23,6
21,16
22,6
32,14
31,16
26,9
31,8
33,6
25,13
25,11
31,8
29,1
30,4
30,14
31,2
33,8
24,13
32,13
32,6
25,16
29,15
22,10
22,15
33,12
33,9
33,14
22,2
15,8
31,7
33,16
30,7
22,3
33,6
31,6
33,12
33,7
27,14
30,10
29,14
32,5
31,1
23,14
30,16
30,9
22,10
26,16
29,12
25,15
21,7
33,15
26,10
24,8
33,9
29,15
21,13
24,8
32,2
33,11
32,16
30,12
28,14
27,14
33,4
25,15
33,12
33,4
29,1
29,5
33,10
29,5
33,9
29,10
32,11
22,1
30,8
33,1
24,15
31,2
32,11
29,14
31,4
22,10
27,8
28,3
27,10
26,6
31,12
29,10
25,1
27,12
26,9
33,8
31,14
31,8
33,14
33,16
28,16
30,7
25,2
27,11
27,7
31,11
32,9
33,16
33,16
33,7
27,8
33,7
33,9
31,7
33,13
32,13
32,8
32,5
31,11
32,6
32,9
28,11
20,7
16,3
32,1
20,11
31,3
26,14
25,7
30,15
29,10
22,7
31,14
31,6
31,10
29,8
25,13
24,14
28,5
26,11
32,16
21,3
23,9
30,6
31,13
32,16
26,13
27,15
29,3
30,3
33,14
32,3
28,11
33,9
28,9
30,6
33,6
27,6
30,6
32,7
30,2
32,12
31,12
27,2
18,12
20,15
29,9
24,5
28,5
29,16
32,6
28,14
33,14
24,13
29,2
25,3
32,14
32,4
30,12
26,6
31,12
28,6
25,16
33,3
24,5
30,10
29,6
19,11
32,14
31,13
30,2
33,9
28,1
33,3
33,3
29,6
29,12
28,13
24,12
31,11
30,8
30,9
32,5
20,7
31,11
21,1
26,6
30,5
32,9
28,5
18,15
20,8
28,9
29,2
29,9
33,12
23,2
32,15
32,1
30,13
32,12
32,8
33,9
30,12
25,6
32,4
28,10
29,7
32,1
26,7
32,13
31,7
32,9
32,13
33,3
30,4
32,6
31,6
27,9
33,15
31,15
21,14
17,7
28,11
17,16
23,15
29,2
25,10
32,12
31,3
29,1
31,5
32,8
24,7
33,1
33,11
33,9
29,11
24,11
29,16
28,13
28,11
28,9
32,3
32,14
29,15
32,6
31,6
31,13
32,9
31,3
28,13
31,9
32,16
30,4
28,3
33,2
30,15
33,2
33,10
27,16
31,9
22,6
33,7
30,2
33,15
33,13
32,3
21,16
30,11
25,11
31,15
22,9
23,8
33,5
29,14
33,4
29,6
29,6
27,3
33,12
33,12
28,12
30,15
32,11
32,8
27,5
30,6
23,8
32,11
29,6
33,10
30,16
33,12
31,14
24,11
27,12
31,7
18,14
29,1
31,1
26,4
31,4
31,10
28,1
33,14
33,4
24,4
31,9
24,11
32,2
30,10
33,11
33,6
30,9
25,3
33,3
28,16
32,2
31,10
29,8
33,16
33,9
26,9
26,5
33,16
27,4
24,4
31,3
31,8
28,3
30,11
31,12
25,16
27,6
28,13
33,2
27,4
30,3
29,11
30,16
32,15
28,10
25,8
23,15
30,12
32,13
27,1
26,5
26,10
33,11
29,8
32,4
33,8
33,6
23,16
31,9
32,13
17,6
25,13
26,13
33,10
27,13
31,16
26,14
30,10
33,10
30,4
24,3
30,16
31,2
29,11
29,6
31,3
32,7
33,13
31,7
26,12
31,10
31,16
33,7
25,1
32,15
26,6
23,12
29,11
26,16
32,8
32,16
28,16
31,3
33,2
33,7
32,1
21,10
30,4
27,5
33,16
32,9
33,5
24,15
27,4
33,12
33,15
33,10
29,15
32,14
28,1
29,9
16,12
31,11
31,6
32,5
27,14
32,5
26,16
19,15
24,5
19,5
30,9
32,4
30,3
25,16
30,12
29,4
28,1
24,9
31,10
32,15
29,6
26,4
32,12
32,9
29,5
29,9
29,10
33,13
32,13
32,1
21,14
27,12
30,2
28,12
30,12
24,10
27,12
32,12
29,3
33,2
19,5
30,3
21,3
31,1
33,16
33,6
33,2
25,10
32,16
33,8
30,15
28,8
16,14
29,15
31,14
27,15
33,14
30,8
32,8
31,9
31,4
21,15
32,13
28,13
29,13
24,12
25,11
31,5
31,2
31,8
29,4
15,15
32,12
33,10
31,7
17,1
26,1
26,12
33,9
31,14
25,5
21,5
31,8
30,5
33,16
33,1
33,8
29,13
29,7
26,16
22,8
26,13
24,10
19,13
26,4
31,15
31,5
18,5
22,13
26,5
27,4
33,5
32,10
31,13
31,1
26,14
30,6
30,9
27,12
30,3
32,1
31,8
21,11
31,14
27,10
27,6
29,15
31,9
30,5
33,6
33,10
30,10
28,6
32,1
33,15
26,6
31,16
32,16
28,12
33,1
28,5
29,9
25,2
32,10
27,6
30,15
29,16
31,9
25,5
28,1
26,7
33,15
25,1
28,10
30,16
18,10
27,1
32,15
24,7
33,16
29,16
31,11
32,2
33,9
29,10
26,6
26,8
30,6
33,7
26,1
28,3
27,14
32,10
33,6
30,2
24,16
31,14
26,1
30,12
30,10
31,8
27,8
30,3
31,12
31,2
27,5
23,16
22,2
23,12
24,9
32,15
22,14
29,15
31,2
31,1
26,1
33,7
32,11
28,13
25,1
32,7
32,12
31,11
24,3
33,3
26,12
27,9
30,10
29,12
32,5
32,7
23,8
25,6
30,14
29,10
32,3
30,11
28,2
33,2
32,15
32,5
29,1
31,5
33,4
32,10
29,12
32,11
32,12
16,1
26,6
30,8
21,10
32,12
29,9
33,8
28,4
31,5
22,3
32,12
30,13
22,12
25,11
31,14
27,11
32,2
25,4
26,9
27,6
33,2
23,11
33,16
28,6
28,2
23,12
33,10
30,7
26,8
32,6
30,14
33,14
18,5
18,14
28,7
31,4
33,13
32,13
25,16
25,10
28,5
30,14
20,4
29,4
32,10
32,16
33,15
33,11
29,12
28,10
24,13
31,9
33,12
29,2
33,14
21,1
33,1
33,16
33,6
32,1
30,7
33,5
30,11
25,7
32,1
16,4
23,15
27,12
30,10
28,14
32,1
30,9
30,16
21,5
31,5
31,13
32,14
24,3
32,11
29,16
32,9
25,15
30,14
28,1
33,2
29,5
29,4
30,15
32,16
24,9
31,10
24,14
33,11
29,9
30,2
32,14
33,3
33,15
33,14
33,1
31,8
29,4
30,14
32,4
17,2
32,6
32,11
30,3
33,13
28,4
29,2
30,3
33,6
31,13
20,13
32,16
31,6
30,5
28,13
27,14
29,4
32,6
31,10
23,2
30,5
30,5
32,4
33,2
29,15
32,16
32,10
30,3
33,4
30,11
26,9
25,11
32,8
29,11
32,11
28,4
30,8
23,7
32,4
31,6
31,1
22,16
30,9
32,1
30,1
26,7
30,11
33,8
30,12
27,3
32,5
31,3
33,7
31,5
26,7
30,6
32,6
33,1
32,7
29,13
26,10
32,6
30,16
33,11
33,12
30,8
18,8
27,9
23,13
27,4
30,15
26,8
33,3
32,5
18,2
27,9
28,1
23,15
24,2
33,2
33,2
26,15
33,2
21,13
31,3
30,2
33,14
31,4
26,8
30,16
30,8
19,6
32,2
33,2
28,9
33,2
32,10
29,2
33,15
27,6
28,15
33,15
31,14
26,7
32,4
33,9
28,2
21,15
32,2
26,11
33,8
32,8
32,6
32,15
33,5
30,13
30,13
29,9
22,3
29,2
26,15
32,6
33,2
29,7
33,1
33,7
29,14
18,6
31,14
22,9
23,6
32,6
31,2
28,10
30,12
32,4
30,15
32,2
31,1
33,4
32,5
30,4
28,14
24,7
30,1
17,13
31,14
29,3
28,14
28,7
30,5
32,10
24,1
27,11
23,5
31,6
30,12
29,15
30,16
32,9
26,9
31,4
32,14
32,9
33,1
33,9
18,11
30,3
24,9
33,8
30,9
28,9
33,13
30,10
29,7
33,13
30,8
31,5
18,12
17,15
27,15
31,6
32,3
32,16
31,11
30,8
30,7
31,4
25,7
27,4
31,10
33,11
27,3
25,4
32,1
22,10
33,15
32,4
29,9
33,14
24,1
27,4
28,9
29,1
19,13
31,6
28,16
29,16
29,9
33,4
28,13
31,13
28,11
32,12
32,10
26,13
32,3
21,14
30,13
32,2
32,5
28,15
30,3
31,5
33,13
22,2
33,13
33,3
31,14
28,10
30,13
32,3
27,9
32,16
27,7
30,11
27,14
25,15
29,8
19,12
29,9
29,3
31,15
33,8
25,2
24,5
30,3
28,7
27,4
30,9
31,11
32,16
26,4
30,8
31,8
26,11
22,6
25,16
22,3
29,14
33,16
25,15
33,10
23,5
27,5
31,4
30,8
31,5
28,11
31,9
33,1
32,16
32,2
32,9
28,6
25,1
31,12
32,15
32,1
27,13
26,2
33,5
31,10
32,11
17,11
28,3
14,4
33,2
28,10
29,8
29,14
32,4
32,1
33,11
30,14
32,6
33,5
20,12
30,11
32,8
32,7
32,2
29,2
33,9
32,7
31,2
28,3
33,6
21,9
29,16
30,12
27,10
26,5
32,15
33,13
29,4
25,14
32,1
29,2
31,2
32,3
28,3
31,2
33,16
31,9
30,12
32,12
28,1
23,11
33,8
31,7
23,16
28,12
33,9
23,5
29,5
29,14
27,7
21,9
32,12
29,2
28,5
27,11
29,7
33,13
25,2
33,2
28,12
30,6
26,14
30,10
32,8
30,5
33,8
31,12
30,10
29,1
30,5
33,16
31,10
31,6
25,16
28,9
32,16
31,1
30,4
21,10
30,11
27,11
29,10
26,3
32,6
33,2
27,10
31,13
31,14
31,14
26,11
32,14
33,5
30,15
26,9
32,5
28,4
33,16
32,5
27,15
25,10
32,14
27,11
30,12
33,10
27,15
22,1
26,14
33,13
33,10
31,15
22,8
27,12
32,15
29,1
31,1
30,5
31,7
29,6
32,8
27,16
31,11
23,5
25,5
26,8
31,9
24,5
31,4
30,12
31,3
33,1
33,1
32,2
29,12
33,5
30,1
33,9
33,6
32,13
32,6
24,3
33,6
33,9
30,2
30,5
26,9
33,9
29,15
29,16
33,2
33,11
22,15
33,13
26,13
30,9
30,7
33,10
31,1
31,11
31,6
24,11
28,16
32,3
27,5
23,16
27,12
33,14
29,16
33,13
23,5
21,14
24,7
29,11
22,1
26,1
30,5
31,6
25,8
28,12
29,10
29,9
32,4
29,9
32,8
33,12
33,9
32,14
33,11
33,4
29,12
24,8
31,1
27,2
30,8
33,10
24,13
33,5
30,13
28,11
24,8
30,1
30,11
32,14
29,11
25,14
31,8
25,8
33,11
30,4
31,2
32,3
30,16
31,7
20,3
32,12
32,3
32,8
21,4
31,5
32,3
31,11
28,4
33,3
32,3
30,10
32,14
21,9
29,13
33,13
31,6
31,9
32,14
32,14
19,8
27,4
27,15
32,3
32,5
27,6
28,8
27,13
22,9
29,6
32,7
26,5
33,2
30,16
32,3
33,7
21,11
33,10
31,11
29,8
30,6
32,16
33,7
32,14
27,11
31,7
20,12
28,9
28,3
29,1
27,3
30,5
20,2
32,7
29,13
30,10
28,2
28,15
27,9
32,8
29,5
19,15
17,7
33,10
22,13
33,12
27,13
25,11
30,1
25,11
29,15
24,3
25,16
33,3
33,15
25,12
26,9
32,3
33,11
25,7
32,9
32,12
32,14
22,2
31,16
32,3
30,10
33,2
27,6
27,3
30,16
29,9
25,9
31,4
30,6
26,11
31,13
33,3
33,9
30,7
31,12
24,12
31,3
31,9
33,1
30,15
33,4
29,5
33,3
29,14
31,10
27,13
32,3
31,12
24,7
26,8
29,12
22,12
20,3
30,13
20,12
30,3
32,16
28,5
32,11
33,16
28,13
31,14
29,9
20,1
33,11
22,10
26,4
33,12
33,13
26,16
28,5
23,16
32,8
30,4
23,7
24,1
33,13
29,7
26,10
31,13
31,9
33,9
29,14
29,9
32,1
21,2
32,13
27,12
28,2
27,15
24,5
20,10
22,9
32,5
30,15
29,3
32,13
29,9
28,16
32,16
31,15
30,14
32,9
20,7
29,3
32,7
28,5
30,14
32,10
32,15
26,7
32,7
32,13
25,12
33,4
31,16
29,5
22,8
25,6
31,3
30,15
29,15
32,5
24,6
31,5
30,15
26,1
31,14
33,11
33,15
31,16
33,15
23,3
31,16
33,14
28,14
31,15
32,10
32,10
33,6
31,15
25,7
33,3
33,1
22,1
32,7
33,6
31,2
31,11
31,14
31,12
20,7
29,12
30,12
29,5
21,2
32,1
26,15
33,15
33,2
31,3
31,14
30,15
32,1
25,8
33,5
31,2
33,1
33,12
30,14
32,14
26,14
27,1
32,1
25,14
33,6
30,15
32,6
26,16
30,3
26,5
26,7
31,7
28,7
29,13
28,16
33,14
29,6
33,6
29,5
31,15
32,4
25,3
33,8
31,4
28,7
29,13
33,9
28,15
26,10
31,12
32,4
30,2
32,7
28,11
25,2
29,9
29,11
29,2
29,9
29,9
31,6
32,14
28,13
32,5
24,10
21,2
29,14
29,11
29,3
29,7
26,5
30,1
32,16
30,14
20,1
31,13
24,11
31,5
32,5
22,12
32,11
32,15
33,4
32,6
30,3
30,6
27,10
31,4
32,4
30,6
31,9
32,5
23,13
26,12
32,13
33,8
30,3
19,15
24,11
33,13
28,9
32,6
18,7
29,9
33,8
31,11
25,7
33,16
33,12
28,13
30,13
27,14
33,3
28,1
31,14
30,7
30,10
31,4
30,11
25,6
29,2
33,11
32,1
30,13
27,11
33,11
19,8
28,11
33,11
31,10
32,14
33,11
30,1
33,11
32,14
32,2
28,11
30,4
33,2
31,16
29,7
31,16
33,12
29,13
31,11
27,1
26,13
25,15
31,9
33,16
26,11
32,3
33,15
32,13
20,7
25,11
23,16
32,3
27,16
32,7
28,15
11,8
25,14
30,10
30,13
32,1
27,7
32,10
32,7
28,15
31,16
27,12
30,14
31,2
32,8
30,1
