{"meta":{"type":"db","canSave":true,"canEdit":true,"canStar":true,"slug":null,"expires":"0001-01-01T00:00:00Z","created":"2016-10-09T00:45:46Z","updated":"2016-10-09T03:12:01Z","updatedBy":"admin","createdBy":"admin","version":7},"dashboard":{"id":null,"title":"opnfv_yardstick_tc002","tags":[],"style":"dark","timezone":"browser","editable":true,"hideControls":false,"sharedCrosshair":false,"rows":[{"title":"New row","height":"25px","editable":true,"collapse":false,"panels":[{"title":"","error":false,"span":12,"editable":true,"type":"text","isNew":true,"id":2,"mode":"html","content":"<div class=\"text-center\" style=\"padding: 10px 0 5px 0\">\n<style>\nh1 {\n\ttext-shadow: -1px -1px 1px #fff, 1px 1px 1px #31A7D3;\n\tcolor: #31A7D3;\n\topacity: 0.8;\n\tfont: 50px '31A7D3';\n}\n</style>\n<body>\n<h1>Ping Dashboard</h1>\n</body>","links":[],"height":"25"}]},{"collapse":false,"editable":true,"height":"250px","panels":[{"aliasColors":{},"bars":false,"datasource":"yardstick","editable":true,"error":false,"fill":1,"grid":{"threshold1":1,"threshold1Color":"rgba(216, 200, 27, 0.27)","threshold2":0.5,"threshold2Color":"rgba(234, 112, 112, 0.22)","thresholdLine":false},"id":1,"isNew":true,"legend":{"alignAsTable":false,"avg":false,"current":false,"max":true,"min":true,"rightSide":false,"show":false,"total":false,"values":true},"lines":true,"linewidth":2,"links":[],"nullPointMode":"connected","percentage":false,"pointradius":5,"points":true,"renderer":"flot","seriesOverrides":[],"span":12,"stack":false,"steppedLine":false,"targets":[{"dsType":"influxdb","groupBy":[{"params":["$interval"],"type":"time"},{"params":["null"],"type":"fill"}],"measurement":"opnfv_yardstick_tc002","policy":"default","refId":"A","resultFormat":"time_series","select":[[{"params":["rtt.ares"],"type":"field"},{"params":[],"type":"mean"}]],"tags":[]}],"timeFrom":null,"timeShift":null,"title":"","tooltip":{"msResolution":true,"shared":true,"sort":0,"value_type":"cumulative"},"type":"graph","xaxis":{"show":true},"yaxes":[{"format":"short","label":null,"logBase":1,"max":null,"min":null,"show":true},{"format":"short","label":null,"logBase":1,"max":null,"min":null,"show":true}]}],"title":"Row"}],"time":{"from":"now-5m","to":"now"},"timepicker":{"refresh_intervals":["5s","10s","30s","1m","5m","15m","30m","1h","2h","1d"],"time_options":["5m","15m","1h","6h","12h","24h","2d","7d","30d"]},"templating":{"list":[]},"annotations":{"list":[]},"refresh":"10s","schemaVersion":12,"version":2,"links":[],"gnetId":null}}
